START DATE(UTC), END DATE(UTC), START TIME(LOCAL), END TIME(LOCAL), DURATION, NAME, LOCATION, NOTE
,,,,,,,
2/5/20 2:10, 2020-02-05 02:22:04, 2020-02-04 18:10:31 PST, 2020-02-04 18:22:04 PST,693, Walk, , 
2/5/20 2:23, 2020-02-05 03:50:59, 2020-02-04 18:23:02 PST, 2020-02-04 19:50:59 PST,5277, Studying, Robert E. Kennedy Library- 24/7 Study Room, 
2/5/20 3:50, 2020-02-05 04:02:22, 2020-02-04 19:50:59 PST, 2020-02-04 20:02:22 PST,683, Transport, , 
2/5/20 4:02, 2020-02-05 04:09:46, 2020-02-04 20:02:22 PST, 2020-02-04 20:09:46 PST,444, Dinner, Whole Foods Market, 
2/5/20 4:09, 2020-02-05 04:20:17, 2020-02-04 20:09:46 PST, 2020-02-04 20:20:17 PST,631, Transport, , 
2/5/20 4:20, 2020-02-05 18:01:54, 2020-02-04 20:20:17 PST, 2020-02-05 10:01:54 PST,49297, Home, , 
2/5/20 9:38, 2020-02-05 17:42:16, 2020-02-05 01:38:00 PST, 2020-02-05 09:42:16 PST,29056, Sleep, , 
2/5/20 18:01, 2020-02-05 18:12:24, 2020-02-05 10:01:54 PST, 2020-02-05 10:12:24 PST,630, Transport, , 
2/5/20 18:12, 2020-02-05 20:35:48, 2020-02-05 10:12:24 PST, 2020-02-05 12:35:48 PST,8604, Studying, SLODOCO, 
2/5/20 20:36, 2020-02-05 21:00:02, 2020-02-05 12:36:43 PST, 2020-02-05 13:00:02 PST,1399, Home, , 
2/5/20 21:00, 2020-02-05 21:03:08, 2020-02-05 13:00:01 PST, 2020-02-05 13:03:08 PST,187, Commute to work, , 
2/5/20 21:00, 2020-02-05 21:03:08, 2020-02-05 13:00:02 PST, 2020-02-05 13:03:08 PST,186, Transport, , 
2/5/20 21:03, 2020-02-05 21:32:42, 2020-02-05 13:03:08 PST, 2020-02-05 13:32:42 PST,1774, School, , 
2/5/20 21:32, 2020-02-05 21:36:30, 2020-02-05 13:32:41 PST, 2020-02-05 13:36:30 PST,229, Commute to home, , 
2/5/20 21:32, 2020-02-05 21:36:30, 2020-02-05 13:32:42 PST, 2020-02-05 13:36:30 PST,228, Transport, , 
2/5/20 21:36, 2020-02-05 23:26:45, 2020-02-05 13:36:30 PST, 2020-02-05 15:26:45 PST,6615, Home, , 
2/5/20 23:26, 2020-02-05 23:34:33, 2020-02-05 15:26:45 PST, 2020-02-05 15:34:33 PST,468, Transport, , 
2/5/20 23:34, 2020-02-05 23:54:06, 2020-02-05 15:34:33 PST, 2020-02-05 15:54:06 PST,1173, Dinner, Whole Foods Market, 
2/5/20 23:54, 2020-02-06 00:02:33, 2020-02-05 15:54:06 PST, 2020-02-05 16:02:33 PST,507, Transport, , 
2/6/20 0:02, 2020-02-06 04:26:49, 2020-02-05 16:02:33 PST, 2020-02-05 20:26:49 PST,15856, Home, , 
2/6/20 4:26, 2020-02-06 04:28:50, 2020-02-05 20:26:49 PST, 2020-02-05 20:28:50 PST,121, Transport, , 
2/6/20 4:28, 2020-02-06 08:25:38, 2020-02-05 20:28:50 PST, 2020-02-06 00:25:38 PST,14208, Studying, Robert E. Kennedy Library- 24/7 Study Room, 
2/6/20 8:25, 2020-02-06 08:28:17, 2020-02-06 00:25:38 PST, 2020-02-06 00:28:17 PST,159, Transport, , 
2/6/20 8:28, 2020-02-06 19:46:45, 2020-02-06 00:28:17 PST, 2020-02-06 11:46:45 PST,40708, Home, , 
2/6/20 9:59, 2020-02-06 18:00:12, 2020-02-06 01:59:49 PST, 2020-02-06 10:00:12 PST,28823, Sleep, , 
2/6/20 19:46, 2020-02-06 19:53:09, 2020-02-06 11:46:44 PST, 2020-02-06 11:53:09 PST,385, Commute to work, , 
2/6/20 19:46, 2020-02-06 19:49:38, 2020-02-06 11:46:45 PST, 2020-02-06 11:49:38 PST,173, Transport, , 
2/6/20 19:53, 2020-02-06 22:43:52, 2020-02-06 11:53:09 PST, 2020-02-06 14:43:52 PST,10243, School, , 
2/6/20 22:43, 2020-02-06 22:48:51, 2020-02-06 14:43:51 PST, 2020-02-06 14:48:51 PST,300, Commute to home, , 
2/6/20 22:43, 2020-02-06 22:48:50, 2020-02-06 14:43:52 PST, 2020-02-06 14:48:50 PST,298, Walk, , 
2/6/20 22:48, 2020-02-06 23:12:31, 2020-02-06 14:48:51 PST, 2020-02-06 15:12:31 PST,1420, Home, , 
2/6/20 23:12, 2020-02-06 23:16:55, 2020-02-06 15:12:30 PST, 2020-02-06 15:16:55 PST,265, Commute to work, , 
2/6/20 23:12, 2020-02-06 23:16:55, 2020-02-06 15:12:31 PST, 2020-02-06 15:16:55 PST,264, Transport, , 
2/6/20 23:16, 2020-02-07 00:11:45, 2020-02-06 15:16:55 PST, 2020-02-06 16:11:45 PST,3290, School, Multi Activity Center, 
2/7/20 0:11, 2020-02-07 01:04:20, 2020-02-06 16:11:44 PST, 2020-02-06 17:04:20 PST,3156, Commute to home, , 
2/7/20 0:11, 2020-02-07 00:24:50, 2020-02-06 16:11:45 PST, 2020-02-06 16:24:50 PST,785, Transport, , 
2/7/20 0:24, 2020-02-07 00:34:59, 2020-02-06 16:24:50 PST, 2020-02-06 16:34:59 PST,609, Groceries, Trader Joe's, 
2/7/20 0:42, 2020-02-07 00:55:01, 2020-02-06 16:42:39 PST, 2020-02-06 16:55:01 PST,742, Dinner, Whole Foods Market, 
2/7/20 0:55, 2020-02-07 01:04:20, 2020-02-06 16:55:01 PST, 2020-02-06 17:04:20 PST,559, Transport, , 
2/7/20 1:04, 2020-02-07 02:02:44, 2020-02-06 17:04:20 PST, 2020-02-06 18:02:44 PST,3504, Home, , 
2/7/20 2:02, 2020-02-07 02:09:32, 2020-02-06 18:02:44 PST, 2020-02-06 18:09:32 PST,408, Transport, , 
2/7/20 2:09, 2020-02-07 05:14:03, 2020-02-06 18:09:32 PST, 2020-02-06 21:14:03 PST,11071, Studying, Robert E. Kennedy Library- 24/7 Study Room, 
2/7/20 5:14, 2020-02-07 05:17:17, 2020-02-06 21:14:03 PST, 2020-02-06 21:17:17 PST,194, Transport, , 
2/7/20 5:17, 2020-02-07 20:59:38, 2020-02-06 21:17:17 PST, 2020-02-07 12:59:38 PST,56541, Home, , 
2/7/20 10:29, 2020-02-07 18:30:06, 2020-02-07 02:29:30 PST, 2020-02-07 10:30:06 PST,28836, Sleep, , 
2/7/20 20:59, 2020-02-07 21:03:33, 2020-02-07 12:59:37 PST, 2020-02-07 13:03:33 PST,236, Commute to work, , 
2/7/20 20:59, 2020-02-07 21:02:32, 2020-02-07 12:59:38 PST, 2020-02-07 13:02:32 PST,174, Transport, , 
2/7/20 21:03, 2020-02-07 22:28:09, 2020-02-07 13:03:33 PST, 2020-02-07 14:28:09 PST,5076, School, , 
2/7/20 22:28, 2020-02-07 22:31:24, 2020-02-07 14:28:08 PST, 2020-02-07 14:31:24 PST,196, Commute to home, , 
2/7/20 22:28, 2020-02-07 22:31:23, 2020-02-07 14:28:09 PST, 2020-02-07 14:31:23 PST,194, Walk, , 
2/7/20 22:31, 2020-02-08 00:58:04, 2020-02-07 14:31:24 PST, 2020-02-07 16:58:04 PST,8800, Home, , 
2/8/20 0:58, 2020-02-08 01:12:15, 2020-02-07 16:58:04 PST, 2020-02-07 17:12:15 PST,851, Transport, , 
2/8/20 1:12, 2020-02-08 01:25:57, 2020-02-07 17:12:15 PST, 2020-02-07 17:25:57 PST,822, Groceries, Trader Joe's, 
2/8/20 1:25, 2020-02-08 01:30:27, 2020-02-07 17:25:57 PST, 2020-02-07 17:30:27 PST,270, Transport, , 
2/8/20 1:30, 2020-02-08 01:48:15, 2020-02-07 17:30:27 PST, 2020-02-07 17:48:15 PST,1068, Groceries, Costco, 
2/8/20 1:49, 2020-02-08 02:02:48, 2020-02-07 17:49:08 PST, 2020-02-07 18:02:48 PST,820, Transport, , 
2/8/20 2:02, 2020-02-08 03:10:27, 2020-02-07 18:02:48 PST, 2020-02-07 19:10:27 PST,4059, Home, , 
2/8/20 3:10, 2020-02-08 03:13:50, 2020-02-07 19:10:27 PST, 2020-02-07 19:13:50 PST,203, Walk, , 
2/8/20 3:13, 2020-02-08 03:47:30, 2020-02-07 19:13:51 PST, 2020-02-07 19:47:30 PST,2019, Fun, , 
2/8/20 3:47, 2020-02-08 04:00:09, 2020-02-07 19:47:31 PST, 2020-02-07 20:00:09 PST,758, Home, , 
2/8/20 4:00, 2020-02-08 04:02:43, 2020-02-07 20:00:09 PST, 2020-02-07 20:02:43 PST,154, Transport, , 
2/8/20 4:02, 2020-02-08 07:24:40, 2020-02-07 20:02:43 PST, 2020-02-07 23:24:40 PST,12117, Studying, Robert E. Kennedy Library- 24/7 Study Room, 
2/8/20 7:25, 2020-02-08 07:28:06, 2020-02-07 23:25:28 PST, 2020-02-07 23:28:06 PST,158, Transport, , 
2/8/20 7:28, 2020-02-08 08:15:06, 2020-02-07 23:28:06 PST, 2020-02-08 00:15:06 PST,2820, Run, Cal Poly Recreation Center, 
2/8/20 7:56, 2020-02-08 08:10:33, 2020-02-07 23:56:56 PST, 2020-02-08 00:10:33 PST,817, Run, , 
2/8/20 8:15, 2020-02-08 08:21:37, 2020-02-08 00:15:06 PST, 2020-02-08 00:21:37 PST,391, Transport, , 
2/8/20 8:21, 2020-02-08 20:10:07, 2020-02-08 00:21:37 PST, 2020-02-08 12:10:07 PST,42510, Home, , 
2/8/20 11:01, 2020-02-08 18:30:08, 2020-02-08 03:01:30 PST, 2020-02-08 10:30:08 PST,26918, Sleep, , 
2/8/20 20:10, 2020-02-08 20:16:02, 2020-02-08 12:10:07 PST, 2020-02-08 12:16:02 PST,355, Transport, , 
2/8/20 20:16, 2020-02-08 21:27:19, 2020-02-08 12:16:02 PST, 2020-02-08 13:27:19 PST,4277, Run, Cal Poly Recreation Center, 
2/8/20 20:56, 2020-02-08 21:12:22, 2020-02-08 12:56:52 PST, 2020-02-08 13:12:22 PST,930, Run, , 
2/8/20 21:27, 2020-02-08 21:30:45, 2020-02-08 13:27:21 PST, 2020-02-08 13:30:45 PST,204, Transport, , 
2/8/20 21:30, 2020-02-08 21:54:46, 2020-02-08 13:30:45 PST, 2020-02-08 13:54:46 PST,1441, Home, , 
2/8/20 22:07, 2020-02-08 22:26:34, 2020-02-08 14:07:17 PST, 2020-02-08 14:26:34 PST,1157, Transport, , 
2/8/20 22:26, 2020-02-08 22:54:31, 2020-02-08 14:26:34 PST, 2020-02-08 14:54:31 PST,1677, Fun, , 
2/8/20 23:19, 2020-02-08 23:31:00, 2020-02-08 15:19:55 PST, 2020-02-08 15:31:00 PST,665, Transport, , 
2/8/20 23:31, 2020-02-08 23:59:47, 2020-02-08 15:31:00 PST, 2020-02-08 15:59:47 PST,1727, Groceries, Target, 
2/9/20 0:00, 2020-02-09 00:10:17, 2020-02-08 16:00:10 PST, 2020-02-08 16:10:17 PST,607, Transport, , 
2/9/20 0:10, 2020-02-09 00:57:28, 2020-02-08 16:10:17 PST, 2020-02-08 16:57:28 PST,2831, Fun, , 
2/9/20 0:57, 2020-02-09 01:08:46, 2020-02-08 16:57:28 PST, 2020-02-08 17:08:46 PST,678, Transport, , 
2/9/20 1:08, 2020-02-09 03:19:49, 2020-02-08 17:08:46 PST, 2020-02-08 19:19:49 PST,7863, Home, , 
2/9/20 3:19, 2020-02-09 03:29:23, 2020-02-08 19:19:49 PST, 2020-02-08 19:29:23 PST,574, Transport, , 
2/9/20 3:29, 2020-02-09 03:31:33, 2020-02-08 19:29:23 PST, 2020-02-08 19:31:33 PST,130, Walk, , 
2/9/20 3:31, 2020-02-09 03:47:42, 2020-02-08 19:31:34 PST, 2020-02-08 19:47:42 PST,968, Groceries, Target, 
2/9/20 3:47, 2020-02-09 03:59:01, 2020-02-08 19:47:42 PST, 2020-02-08 19:59:01 PST,679, Transport, , 
2/9/20 3:59, 2020-02-09 18:03:29, 2020-02-08 19:59:01 PST, 2020-02-09 10:03:29 PST,50668, Home, , 
2/9/20 10:16, 2020-02-09 17:40:42, 2020-02-09 02:16:54 PST, 2020-02-09 09:40:42 PST,26628, Sleep, , 
2/9/20 18:05, 2020-02-09 18:07:31, 2020-02-09 10:05:05 PST, 2020-02-09 10:07:31 PST,146, Transport, , 
2/9/20 18:07, 2020-02-09 20:56:31, 2020-02-09 10:07:31 PST, 2020-02-09 12:56:31 PST,10140, Studying, Robert E. Kennedy Library- 24/7 Study Room, 
2/9/20 20:56, 2020-02-09 21:00:29, 2020-02-09 12:56:31 PST, 2020-02-09 13:00:29 PST,238, Transport, , 
2/9/20 21:00, 2020-02-09 22:08:43, 2020-02-09 13:00:29 PST, 2020-02-09 14:08:43 PST,4094, Groceries, Ferrini, 
2/9/20 22:08, 2020-02-09 22:16:11, 2020-02-09 14:08:43 PST, 2020-02-09 14:16:11 PST,448, Transport, , 
2/9/20 22:16, 2020-02-09 22:48:03, 2020-02-09 14:16:11 PST, 2020-02-09 14:48:03 PST,1912, Home, , 
2/9/20 22:48, 2020-02-09 22:51:52, 2020-02-09 14:48:36 PST, 2020-02-09 14:51:52 PST,196, Transport, , 
2/9/20 22:51, 2020-02-10 00:11:29, 2020-02-09 14:51:52 PST, 2020-02-09 16:11:29 PST,4777, Run, Cal Poly Recreation Center, 
2/9/20 23:45, 2020-02-10 00:00:18, 2020-02-09 15:45:41 PST, 2020-02-09 16:00:18 PST,877, Cycle, , 
2/10/20 0:11, 2020-02-10 00:40:42, 2020-02-09 16:11:29 PST, 2020-02-09 16:40:42 PST,1753, Transport, , 
2/10/20 0:51, 2020-02-10 01:07:35, 2020-02-09 16:51:32 PST, 2020-02-09 17:07:35 PST,963, Groceries, Costco, 
2/10/20 1:09, 2020-02-10 01:25:31, 2020-02-09 17:09:10 PST, 2020-02-09 17:25:31 PST,981, Dinner, Whole Foods Market, 
2/10/20 1:25, 2020-02-10 01:36:15, 2020-02-09 17:25:31 PST, 2020-02-09 17:36:15 PST,644, Transport, , 
2/10/20 1:36, 2020-02-10 02:51:24, 2020-02-09 17:36:15 PST, 2020-02-09 18:51:24 PST,4509, Home, , 
2/10/20 3:01, 2020-02-10 06:13:15, 2020-02-09 19:01:32 PST, 2020-02-09 22:13:15 PST,11503, Studying, Robert E. Kennedy Library- 24/7 Study Room, 
2/10/20 6:13, 2020-02-10 06:15:28, 2020-02-09 22:13:15 PST, 2020-02-09 22:15:28 PST,133, Transport, , 
2/10/20 6:20, 2020-02-10 06:23:38, 2020-02-09 22:20:50 PST, 2020-02-09 22:23:38 PST,168, Transport, , 
2/10/20 6:23, 2020-02-10 18:00:06, 2020-02-09 22:23:38 PST, 2020-02-10 10:00:06 PST,41788, Home, , 
2/10/20 9:00, 2020-02-10 17:15:12, 2020-02-10 01:00:23 PST, 2020-02-10 09:15:12 PST,29689, Sleep, , 
2/10/20 18:00, 2020-02-10 18:13:47, 2020-02-10 10:00:06 PST, 2020-02-10 10:13:47 PST,821, Transport, , 
2/10/20 18:13, 2020-02-10 19:59:12, 2020-02-10 10:13:47 PST, 2020-02-10 11:59:12 PST,6325, Home, , 
2/10/20 19:59, 2020-02-10 20:02:42, 2020-02-10 11:59:12 PST, 2020-02-10 12:02:42 PST,210, Transport, , 
2/10/20 20:09, 2020-02-10 20:12:45, 2020-02-10 12:09:36 PST, 2020-02-10 12:12:45 PST,189, Transport, , 
2/10/20 20:12, 2020-02-10 21:01:19, 2020-02-10 12:12:45 PST, 2020-02-10 13:01:19 PST,2914, Home, , 
2/10/20 21:01, 2020-02-10 21:04:34, 2020-02-10 13:01:19 PST, 2020-02-10 13:04:34 PST,195, Walk, , 
2/10/20 22:13, 2020-02-10 22:16:40, 2020-02-10 14:13:15 PST, 2020-02-10 14:16:40 PST,205, Transport, , 
2/10/20 22:16, 2020-02-10 23:44:49, 2020-02-10 14:16:40 PST, 2020-02-10 15:44:49 PST,5289, Home, , 
2/10/20 23:44, 2020-02-10 23:54:31, 2020-02-10 15:44:49 PST, 2020-02-10 15:54:31 PST,582, Transport, , 
2/11/20 0:04, 2020-02-11 00:12:37, 2020-02-10 16:04:41 PST, 2020-02-10 16:12:37 PST,476, Transport, , 
2/11/20 0:12, 2020-02-11 01:44:13, 2020-02-10 16:12:37 PST, 2020-02-10 17:44:13 PST,5496, Home, , 
2/11/20 1:44, 2020-02-11 02:02:07, 2020-02-10 17:44:12 PST, 2020-02-10 18:02:07 PST,1075, Commute to work, , 
2/11/20 1:56, 2020-02-11 01:59:28, 2020-02-10 17:56:47 PST, 2020-02-10 17:59:28 PST,161, Transport, , 
2/11/20 2:02, 2020-02-11 04:22:10, 2020-02-10 18:02:07 PST, 2020-02-10 20:22:10 PST,8403, School, Cal Poly Recreation Center, 
2/11/20 4:22, 2020-02-11 04:44:37, 2020-02-10 20:22:09 PST, 2020-02-10 20:44:37 PST,1348, Commute to home, , 
2/11/20 4:22, 2020-02-11 04:28:32, 2020-02-10 20:22:14 PST, 2020-02-10 20:28:32 PST,378, Transport, , 
2/11/20 4:29, 2020-02-11 04:41:36, 2020-02-10 20:29:05 PST, 2020-02-10 20:41:36 PST,751, Walk, , 
2/11/20 4:44, 2020-02-11 19:23:48, 2020-02-10 20:44:37 PST, 2020-02-11 11:23:48 PST,52751, Home, , 
2/11/20 8:26, 2020-02-11 17:20:25, 2020-02-11 00:26:02 PST, 2020-02-11 09:20:25 PST,32063, Sleep, , 
2/11/20 19:23, 2020-02-11 19:27:32, 2020-02-11 11:23:47 PST, 2020-02-11 11:27:32 PST,225, Commute to work, , 
2/11/20 19:23, 2020-02-11 19:25:52, 2020-02-11 11:23:48 PST, 2020-02-11 11:25:52 PST,124, Transport, , 
2/11/20 19:27, 2020-02-11 23:10:27, 2020-02-11 11:27:32 PST, 2020-02-11 15:10:27 PST,13375, School, , 
2/11/20 23:10, 2020-02-11 23:24:55, 2020-02-11 15:10:26 PST, 2020-02-11 15:24:55 PST,869, Commute to home, , 
2/11/20 23:18, 2020-02-11 23:24:55, 2020-02-11 15:18:14 PST, 2020-02-11 15:24:55 PST,401, Transport, , 
2/11/20 23:24, 2020-02-12 01:54:59, 2020-02-11 15:24:55 PST, 2020-02-11 17:54:59 PST,9004, Home, , 
2/12/20 1:54, 2020-02-12 02:03:58, 2020-02-11 17:54:59 PST, 2020-02-11 18:03:58 PST,539, Transport, , 
2/12/20 4:05, 2020-02-12 04:17:56, 2020-02-11 20:05:27 PST, 2020-02-11 20:17:56 PST,749, Transport, , 
2/12/20 4:17, 2020-02-12 04:25:11, 2020-02-11 20:17:56 PST, 2020-02-11 20:25:11 PST,435, Groceries, Trader Joe's, 
2/12/20 4:25, 2020-02-12 04:34:49, 2020-02-11 20:25:11 PST, 2020-02-11 20:34:49 PST,578, Transport, , 
2/12/20 4:34, 2020-02-12 17:54:14, 2020-02-11 20:34:49 PST, 2020-02-12 09:54:14 PST,47965, Home, , 
2/12/20 9:37, 2020-02-12 16:38:42, 2020-02-12 01:37:28 PST, 2020-02-12 08:38:42 PST,25274, Sleep, , 
2/12/20 17:54, 2020-02-12 18:01:33, 2020-02-12 09:54:14 PST, 2020-02-12 10:01:33 PST,439, Transport, , 
2/12/20 18:08, 2020-02-12 20:11:42, 2020-02-12 10:08:47 PST, 2020-02-12 12:11:42 PST,7375, Home, , 
2/12/20 20:19, 2020-02-12 20:59:23, 2020-02-12 12:19:24 PST, 2020-02-12 12:59:23 PST,2399, Home, , 
2/12/20 20:59, 2020-02-12 21:02:41, 2020-02-12 12:59:22 PST, 2020-02-12 13:02:41 PST,199, Commute to work, , 
2/12/20 20:59, 2020-02-12 21:02:40, 2020-02-12 12:59:23 PST, 2020-02-12 13:02:40 PST,197, Walk, , 
2/12/20 21:02, 2020-02-12 21:55:15, 2020-02-12 13:02:41 PST, 2020-02-12 13:55:15 PST,3154, School, , 
2/12/20 21:55, 2020-02-12 22:04:01, 2020-02-12 13:55:14 PST, 2020-02-12 14:04:01 PST,527, Commute to home, , 
2/12/20 21:55, 2020-02-12 22:04:00, 2020-02-12 13:55:15 PST, 2020-02-12 14:04:00 PST,525, Walk, , 
2/12/20 22:04, 2020-02-12 23:50:04, 2020-02-12 14:04:01 PST, 2020-02-12 15:50:04 PST,6363, Home, , 
2/12/20 23:50, 2020-02-12 23:54:42, 2020-02-12 15:50:06 PST, 2020-02-12 15:54:42 PST,276, Transport, , 
2/13/20 0:22, 2020-02-13 00:27:48, 2020-02-12 16:22:46 PST, 2020-02-12 16:27:48 PST,302, Transport, , 
2/13/20 0:27, 2020-02-13 00:36:10, 2020-02-12 16:27:48 PST, 2020-02-12 16:36:10 PST,502, Home, , 
2/13/20 0:36, 2020-02-13 00:45:11, 2020-02-12 16:36:25 PST, 2020-02-12 16:45:11 PST,526, Transport, , 
2/13/20 0:55, 2020-02-13 00:58:28, 2020-02-12 16:55:27 PST, 2020-02-12 16:58:28 PST,181, Transport, , 
2/13/20 0:59, 2020-02-13 01:11:19, 2020-02-12 16:59:29 PST, 2020-02-12 17:11:19 PST,710, Walk, , 
2/13/20 1:11, 2020-02-13 01:29:04, 2020-02-12 17:11:46 PST, 2020-02-12 17:29:04 PST,1038, Transport, , 
2/13/20 2:13, 2020-02-13 02:15:39, 2020-02-12 18:13:27 PST, 2020-02-12 18:15:39 PST,132, Transport, , 
2/13/20 2:15, 2020-02-13 15:49:18, 2020-02-12 18:15:39 PST, 2020-02-13 07:49:18 PST,48819, Home, , 
2/13/20 9:30, 2020-02-13 14:48:42, 2020-02-13 01:30:24 PST, 2020-02-13 06:48:42 PST,19098, Sleep, , 
2/13/20 15:49, 2020-02-13 15:54:28, 2020-02-13 07:49:17 PST, 2020-02-13 07:54:28 PST,311, Commute to work, , 
2/13/20 15:49, 2020-02-13 15:54:27, 2020-02-13 07:49:18 PST, 2020-02-13 07:54:27 PST,309, Walk, , 
2/13/20 15:54, 2020-02-13 18:58:11, 2020-02-13 07:54:28 PST, 2020-02-13 10:58:11 PST,11023, School, Math and Science (Bldg 38), 
2/13/20 18:58, 2020-02-13 19:05:48, 2020-02-13 10:58:10 PST, 2020-02-13 11:05:48 PST,458, Commute to home, , 
2/13/20 18:58, 2020-02-13 19:02:48, 2020-02-13 10:58:11 PST, 2020-02-13 11:02:48 PST,277, Transport, , 
2/13/20 19:05, 2020-02-13 19:37:10, 2020-02-13 11:05:48 PST, 2020-02-13 11:37:10 PST,1882, Home, , 
2/13/20 19:37, 2020-02-13 19:40:51, 2020-02-13 11:37:09 PST, 2020-02-13 11:40:51 PST,222, Commute to work, , 
2/13/20 19:40, 2020-02-13 22:00:38, 2020-02-13 11:40:51 PST, 2020-02-13 14:00:38 PST,8387, School, , 
2/13/20 22:00, 2020-02-13 22:06:38, 2020-02-13 14:00:37 PST, 2020-02-13 14:06:38 PST,361, Commute to home, , 
2/13/20 22:01, 2020-02-13 22:06:38, 2020-02-13 14:01:27 PST, 2020-02-13 14:06:38 PST,311, Transport, , 
2/13/20 22:06, 2020-02-14 01:50:06, 2020-02-13 14:06:38 PST, 2020-02-13 17:50:06 PST,13408, Home, , 
2/14/20 1:50, 2020-02-14 02:20:37, 2020-02-13 17:50:05 PST, 2020-02-13 18:20:37 PST,1832, Commute to work, , 
2/14/20 1:50, 2020-02-14 01:52:25, 2020-02-13 17:50:06 PST, 2020-02-13 17:52:25 PST,139, Transport, , 
2/14/20 1:56, 2020-02-14 02:04:25, 2020-02-13 17:56:51 PST, 2020-02-13 18:04:25 PST,454, Walk, , 
2/14/20 2:04, 2020-02-14 02:09:32, 2020-02-13 18:04:26 PST, 2020-02-13 18:09:32 PST,306, Transport, , 
2/14/20 2:09, 2020-02-14 02:20:00, 2020-02-13 18:09:32 PST, 2020-02-13 18:20:00 PST,628, Groceries, Ferrini, 
2/14/20 2:20, 2020-02-14 02:23:56, 2020-02-13 18:20:37 PST, 2020-02-13 18:23:56 PST,199, Work, , 
2/14/20 2:38, 2020-02-14 02:45:17, 2020-02-13 18:38:05 PST, 2020-02-13 18:45:17 PST,432, Work, , 
2/14/20 2:55, 2020-02-14 03:00:15, 2020-02-13 18:55:15 PST, 2020-02-13 19:00:15 PST,300, Work, , 
2/14/20 3:06, 2020-02-14 03:10:55, 2020-02-13 19:06:50 PST, 2020-02-13 19:10:55 PST,245, Work, , 
2/14/20 3:10, 2020-02-14 03:26:46, 2020-02-13 19:10:55 PST, 2020-02-13 19:26:46 PST,951, Work, Five Guys, 
2/14/20 3:27, 2020-02-14 03:32:35, 2020-02-13 19:27:20 PST, 2020-02-13 19:32:35 PST,315, Work, , 
2/14/20 3:40, 2020-02-14 03:50:28, 2020-02-13 19:40:18 PST, 2020-02-13 19:50:28 PST,610, Work, , 
2/14/20 3:50, 2020-02-14 03:50:28, 2020-02-13 19:50:27 PST, 2020-02-13 19:50:28 PST,1, Commute to home, , 
2/14/20 3:50, 2020-02-14 03:58:28, 2020-02-13 19:50:28 PST, 2020-02-13 19:58:28 PST,480, Home, , 
2/14/20 4:07, 2020-02-14 04:16:57, 2020-02-13 20:07:36 PST, 2020-02-13 20:16:57 PST,561, Transport, , 
2/14/20 4:19, 2020-02-14 04:29:04, 2020-02-13 20:19:32 PST, 2020-02-13 20:29:04 PST,572, Walk, , 
2/14/20 4:29, 2020-02-14 04:55:14, 2020-02-13 20:29:05 PST, 2020-02-13 20:55:14 PST,1569, Fun, San Luis Obispo Farmers' Market, 
2/14/20 4:55, 2020-02-14 04:59:29, 2020-02-13 20:55:14 PST, 2020-02-13 20:59:29 PST,255, Walk, , 
2/14/20 5:01, 2020-02-14 05:08:07, 2020-02-13 21:01:04 PST, 2020-02-13 21:08:07 PST,423, Transport, , 
2/14/20 5:08, 2020-02-14 18:00:49, 2020-02-13 21:08:07 PST, 2020-02-14 10:00:49 PST,46362, Home, , 
2/14/20 8:50, 2020-02-14 15:03:26, 2020-02-14 00:50:03 PST, 2020-02-14 07:03:26 PST,22403, Sleep, , 
2/14/20 18:07, 2020-02-14 18:38:41, 2020-02-14 10:07:09 PST, 2020-02-14 10:38:41 PST,1892, Home, , 
2/14/20 18:59, 2020-02-14 19:06:45, 2020-02-14 10:59:50 PST, 2020-02-14 11:06:45 PST,415, Transport, , 
2/14/20 19:21, 2020-02-14 19:54:13, 2020-02-14 11:21:44 PST, 2020-02-14 11:54:13 PST,1949, Transport, , 
2/14/20 19:54, 2020-02-14 20:58:38, 2020-02-14 11:54:13 PST, 2020-02-14 12:58:38 PST,3865, Home, , 
2/14/20 20:58, 2020-02-14 21:01:18, 2020-02-14 12:58:37 PST, 2020-02-14 13:01:18 PST,161, Commute to work, , 
2/14/20 20:58, 2020-02-14 21:01:18, 2020-02-14 12:58:38 PST, 2020-02-14 13:01:18 PST,160, Transport, , 
2/14/20 21:01, 2020-02-14 21:09:24, 2020-02-14 13:01:18 PST, 2020-02-14 13:09:24 PST,486, School, , 
2/14/20 21:09, 2020-02-14 22:07:40, 2020-02-14 13:09:24 PST, 2020-02-14 14:07:40 PST,3496, School, , 
2/14/20 22:07, 2020-02-14 22:16:50, 2020-02-14 14:07:39 PST, 2020-02-14 14:16:50 PST,551, Commute to home, , 
2/14/20 22:14, 2020-02-14 22:16:50, 2020-02-14 14:14:02 PST, 2020-02-14 14:16:50 PST,168, Transport, , 
2/14/20 22:16, 2020-02-14 22:29:53, 2020-02-14 14:16:50 PST, 2020-02-14 14:29:53 PST,783, Home, , 
2/14/20 22:29, 2020-02-14 22:41:26, 2020-02-14 14:29:53 PST, 2020-02-14 14:41:26 PST,693, Transport, , 
2/14/20 23:04, 2020-02-14 23:07:54, 2020-02-14 15:04:16 PST, 2020-02-14 15:07:54 PST,218, Transport, , 
2/14/20 23:28, 2020-02-14 23:38:48, 2020-02-14 15:28:14 PST, 2020-02-14 15:38:48 PST,634, Transport, , 
2/14/20 23:38, 2020-02-14 23:57:59, 2020-02-14 15:38:48 PST, 2020-02-14 15:57:59 PST,1151, Home, , 
2/14/20 23:57, 2020-02-15 00:06:06, 2020-02-14 15:57:59 PST, 2020-02-14 16:06:06 PST,487, Transport, , 
2/15/20 0:06, 2020-02-15 01:28:13, 2020-02-14 16:06:06 PST, 2020-02-14 17:28:13 PST,4927, Home, , 
2/15/20 1:28, 2020-02-15 01:28:13, 2020-02-14 17:28:12 PST, 2020-02-14 17:28:13 PST,1, Commute to work, , 
2/15/20 1:28, 2020-02-15 01:43:24, 2020-02-14 17:28:13 PST, 2020-02-14 17:43:24 PST,911, Work, SLODOCO, 
2/15/20 1:44, 2020-02-15 01:52:17, 2020-02-14 17:44:02 PST, 2020-02-14 17:52:17 PST,495, Transport, , 
2/15/20 2:07, 2020-02-15 02:11:42, 2020-02-14 18:07:34 PST, 2020-02-14 18:11:42 PST,248, Transport, , 
2/15/20 2:21, 2020-02-15 02:25:05, 2020-02-14 18:21:10 PST, 2020-02-14 18:25:05 PST,235, Transport, , 
2/15/20 2:45, 2020-02-15 02:57:46, 2020-02-14 18:45:12 PST, 2020-02-14 18:57:46 PST,754, Transport, , 
2/15/20 3:13, 2020-02-15 03:28:56, 2020-02-14 19:13:21 PST, 2020-02-14 19:28:56 PST,935, Transport, , 
2/15/20 3:35, 2020-02-15 03:54:39, 2020-02-14 19:35:12 PST, 2020-02-14 19:54:39 PST,1167, Transport, , 
2/15/20 3:54, 2020-02-15 04:11:44, 2020-02-14 19:54:39 PST, 2020-02-14 20:11:44 PST,1025, Studying, Robert E. Kennedy Library- 24/7 Study Room, 
2/15/20 4:13, 2020-02-15 04:24:17, 2020-02-14 20:13:59 PST, 2020-02-14 20:24:17 PST,618, Walk, , 
2/15/20 4:25, 2020-02-15 04:29:56, 2020-02-14 20:25:19 PST, 2020-02-14 20:29:56 PST,277, Transport, , 
2/15/20 4:29, 2020-02-15 04:35:14, 2020-02-14 20:29:56 PST, 2020-02-14 20:35:14 PST,318, Studying, SLODOCO, 
2/15/20 4:35, 2020-02-15 04:37:14, 2020-02-14 20:35:14 PST, 2020-02-14 20:37:14 PST,120, Transport, , 
2/15/20 4:43, 2020-02-15 04:48:19, 2020-02-14 20:43:24 PST, 2020-02-14 20:48:19 PST,295, Transport, , 
2/15/20 4:48, 2020-02-15 15:33:11, 2020-02-14 20:48:19 PST, 2020-02-15 07:33:11 PST,38692, Home, , 
2/15/20 9:45, 2020-02-15 13:06:06, 2020-02-15 01:45:25 PST, 2020-02-15 05:06:06 PST,12041, Sleep, , 
2/15/20 15:33, 2020-02-15 15:35:26, 2020-02-15 07:33:11 PST, 2020-02-15 07:35:26 PST,135, Transport, , 
2/15/20 15:35, 2020-02-15 15:41:09, 2020-02-15 07:35:26 PST, 2020-02-15 07:41:09 PST,343, Groceries, Ferrini, 
2/15/20 15:48, 2020-02-15 16:08:03, 2020-02-15 07:48:56 PST, 2020-02-15 08:08:03 PST,1147, Transport, , 
2/15/20 16:13, 2020-02-15 17:48:27, 2020-02-15 08:13:03 PST, 2020-02-15 09:48:27 PST,5724, Transport, , 
2/15/20 17:54, 2020-02-15 19:52:56, 2020-02-15 09:54:42 PST, 2020-02-15 11:52:56 PST,7094, Transport, , 
2/15/20 20:01, 2020-02-15 20:41:49, 2020-02-15 12:01:29 PST, 2020-02-15 12:41:49 PST,2420, Transport, , 
2/15/20 21:39, 2020-02-15 21:49:20, 2020-02-15 13:39:31 PST, 2020-02-15 13:49:20 PST,589, Transport, , 
2/16/20 0:52, 2020-02-16 01:00:29, 2020-02-15 16:52:58 PST, 2020-02-15 17:00:29 PST,451, Transport, , 
2/16/20 1:11, 2020-02-16 01:19:53, 2020-02-15 17:11:35 PST, 2020-02-15 17:19:53 PST,498, Walk, , 
2/16/20 1:20, 2020-02-16 01:26:52, 2020-02-15 17:20:19 PST, 2020-02-15 17:26:52 PST,393, Transport, , 
2/16/20 10:54, 2020-02-16 15:00:04, 2020-02-16 02:54:49 PST, 2020-02-16 07:00:04 PST,14715, Sleep, , 
2/16/20 17:55, 2020-02-16 18:11:27, 2020-02-16 09:55:57 PST, 2020-02-16 10:11:27 PST,930, Transport, , 
2/16/20 20:59, 2020-02-16 21:18:39, 2020-02-16 12:59:15 PST, 2020-02-16 13:18:39 PST,1164, Transport, , 
2/16/20 22:29, 2020-02-16 22:34:55, 2020-02-16 14:29:15 PST, 2020-02-16 14:34:55 PST,340, Transport, , 
2/16/20 22:56, 2020-02-16 23:02:47, 2020-02-16 14:56:47 PST, 2020-02-16 15:02:47 PST,360, Transport, , 
2/17/20 2:12, 2020-02-17 02:51:52, 2020-02-16 18:12:40 PST, 2020-02-16 18:51:52 PST,2352, Transport, , 
2/17/20 3:38, 2020-02-17 04:10:42, 2020-02-16 19:38:29 PST, 2020-02-16 20:10:42 PST,1933, Transport, , 
2/17/20 4:30, 2020-02-17 04:40:06, 2020-02-16 20:30:57 PST, 2020-02-16 20:40:06 PST,549, Transport, , 
2/17/20 5:02, 2020-02-17 05:07:14, 2020-02-16 21:02:04 PST, 2020-02-16 21:07:14 PST,310, Transport, , 
2/17/20 10:34, 2020-02-17 15:13:25, 2020-02-17 02:34:37 PST, 2020-02-17 07:13:25 PST,16728, Sleep, , 
2/17/20 17:55, 2020-02-17 17:58:14, 2020-02-17 09:55:36 PST, 2020-02-17 09:58:14 PST,158, Transport, , 
2/17/20 18:32, 2020-02-17 18:39:26, 2020-02-17 10:32:03 PST, 2020-02-17 10:39:26 PST,443, Transport, , 
2/17/20 19:45, 2020-02-17 19:48:04, 2020-02-17 11:45:04 PST, 2020-02-17 11:48:04 PST,180, Transport, , 
2/17/20 21:39, 2020-02-17 21:44:55, 2020-02-17 13:39:43 PST, 2020-02-17 13:44:55 PST,312, Transport, , 
2/17/20 22:20, 2020-02-17 22:26:35, 2020-02-17 14:20:13 PST, 2020-02-17 14:26:35 PST,382, Transport, , 
2/17/20 22:42, 2020-02-17 22:45:54, 2020-02-17 14:42:49 PST, 2020-02-17 14:45:54 PST,185, Transport, , 
2/17/20 23:52, 2020-02-17 23:55:20, 2020-02-17 15:52:14 PST, 2020-02-17 15:55:20 PST,186, Transport, , 
2/18/20 0:02, 2020-02-18 00:04:26, 2020-02-17 16:02:11 PST, 2020-02-17 16:04:26 PST,135, Transport, , 
2/18/20 0:11, 2020-02-18 01:25:50, 2020-02-17 16:11:48 PST, 2020-02-17 17:25:50 PST,4442, Transport, , 
2/18/20 1:32, 2020-02-18 04:34:05, 2020-02-17 17:32:01 PST, 2020-02-17 20:34:05 PST,10924, Transport, , 
2/18/20 5:32, 2020-02-18 05:38:25, 2020-02-17 21:32:05 PST, 2020-02-17 21:38:25 PST,380, Transport, , 
2/18/20 5:38, 2020-02-18 15:47:43, 2020-02-17 21:38:25 PST, 2020-02-18 07:47:43 PST,36558, Home, , 
2/18/20 8:35, 2020-02-18 15:00:20, 2020-02-18 00:35:19 PST, 2020-02-18 07:00:20 PST,23101, Sleep, , 
2/18/20 15:47, 2020-02-18 15:52:04, 2020-02-18 07:47:42 PST, 2020-02-18 07:52:04 PST,262, Commute to work, , 
2/18/20 15:48, 2020-02-18 15:51:56, 2020-02-18 07:48:00 PST, 2020-02-18 07:51:56 PST,236, Transport, , 
2/18/20 15:52, 2020-02-18 19:08:35, 2020-02-18 07:52:04 PST, 2020-02-18 11:08:35 PST,11791, School, Math and Science (Bldg 38), 
2/18/20 19:08, 2020-02-18 19:50:11, 2020-02-18 11:08:34 PST, 2020-02-18 11:50:11 PST,2497, Commute to home, , 
2/18/20 19:08, 2020-02-18 19:47:15, 2020-02-18 11:08:35 PST, 2020-02-18 11:47:15 PST,2320, Studying, Robert E. Kennedy Library- 24/7 Study Room, 
2/18/20 19:47, 2020-02-18 19:50:11, 2020-02-18 11:47:15 PST, 2020-02-18 11:50:11 PST,176, Transport, , 
2/18/20 19:50, 2020-02-18 21:42:36, 2020-02-18 11:50:11 PST, 2020-02-18 13:42:36 PST,6745, Home, , 
2/18/20 21:43, 2020-02-18 21:48:15, 2020-02-18 13:43:23 PST, 2020-02-18 13:48:15 PST,292, Transport, , 
2/18/20 22:53, 2020-02-18 23:00:19, 2020-02-18 14:53:37 PST, 2020-02-18 15:00:19 PST,402, Transport, , 
2/18/20 23:00, 2020-02-19 01:37:11, 2020-02-18 15:00:19 PST, 2020-02-18 17:37:11 PST,9412, School, , 
2/19/20 1:37, 2020-02-19 01:41:05, 2020-02-18 17:37:10 PST, 2020-02-18 17:41:05 PST,235, Commute to home, , 
2/19/20 1:37, 2020-02-19 01:41:05, 2020-02-18 17:37:11 PST, 2020-02-18 17:41:05 PST,234, Transport, , 
2/19/20 1:41, 2020-02-19 16:27:42, 2020-02-18 17:41:05 PST, 2020-02-19 08:27:42 PST,53197, Home, , 
2/19/20 9:21, 2020-02-19 15:18:54, 2020-02-19 01:21:52 PST, 2020-02-19 07:18:54 PST,21422, Sleep, , 
2/19/20 16:29, 2020-02-19 16:47:13, 2020-02-19 08:29:48 PST, 2020-02-19 08:47:13 PST,1045, Transport, , 
2/19/20 16:47, 2020-02-19 16:57:24, 2020-02-19 08:47:13 PST, 2020-02-19 08:57:24 PST,611, Groceries, Trader Joe's, 
2/19/20 16:57, 2020-02-19 17:09:23, 2020-02-19 08:57:24 PST, 2020-02-19 09:09:23 PST,719, Transport, , 
2/19/20 17:09, 2020-02-19 18:07:20, 2020-02-19 09:09:23 PST, 2020-02-19 10:07:20 PST,3477, Home, , 
2/19/20 18:16, 2020-02-19 19:01:44, 2020-02-19 10:16:47 PST, 2020-02-19 11:01:44 PST,2697, Studying, SLODOCO, 
2/19/20 19:03, 2020-02-19 21:00:43, 2020-02-19 11:03:36 PST, 2020-02-19 13:00:43 PST,7027, Home, , 
2/19/20 21:00, 2020-02-19 21:04:11, 2020-02-19 13:00:42 PST, 2020-02-19 13:04:11 PST,209, Commute to work, , 
2/19/20 21:01, 2020-02-19 21:04:11, 2020-02-19 13:01:57 PST, 2020-02-19 13:04:11 PST,134, Transport, , 
2/19/20 21:04, 2020-02-19 22:58:52, 2020-02-19 13:04:11 PST, 2020-02-19 14:58:52 PST,6881, School, , 
2/19/20 22:58, 2020-02-19 23:03:08, 2020-02-19 14:58:51 PST, 2020-02-19 15:03:08 PST,257, Commute to home, , 
2/19/20 22:58, 2020-02-19 23:03:07, 2020-02-19 14:58:52 PST, 2020-02-19 15:03:07 PST,255, Walk, , 
2/19/20 23:03, 2020-02-20 04:29:26, 2020-02-19 15:03:08 PST, 2020-02-19 20:29:26 PST,19578, Home, , 
2/20/20 4:29, 2020-02-20 04:33:29, 2020-02-19 20:29:25 PST, 2020-02-19 20:33:29 PST,244, Commute to work, , 
2/20/20 4:29, 2020-02-20 04:33:29, 2020-02-19 20:29:26 PST, 2020-02-19 20:33:29 PST,243, Transport, , 
2/20/20 4:33, 2020-02-20 08:22:32, 2020-02-19 20:33:29 PST, 2020-02-20 00:22:32 PST,13743, School, , 
2/20/20 8:22, 2020-02-20 08:29:06, 2020-02-20 00:22:31 PST, 2020-02-20 00:29:06 PST,395, Commute to home, , 
2/20/20 8:29, 2020-02-20 17:59:33, 2020-02-20 00:29:06 PST, 2020-02-20 09:59:33 PST,34227, Home, , 
2/20/20 9:57, 2020-02-20 15:00:37, 2020-02-20 01:57:23 PST, 2020-02-20 07:00:37 PST,18194, Sleep, , 
2/20/20 17:59, 2020-02-20 18:12:56, 2020-02-20 09:59:32 PST, 2020-02-20 10:12:56 PST,804, Commute to work, , 
2/20/20 17:59, 2020-02-20 18:09:38, 2020-02-20 09:59:33 PST, 2020-02-20 10:09:38 PST,605, Transport, , 
2/20/20 18:09, 2020-02-20 18:12:55, 2020-02-20 10:09:38 PST, 2020-02-20 10:12:55 PST,197, Walk, , 
2/20/20 18:12, 2020-02-20 18:47:44, 2020-02-20 10:12:56 PST, 2020-02-20 10:47:44 PST,2088, School, , 
2/20/20 18:47, 2020-02-20 18:53:06, 2020-02-20 10:47:43 PST, 2020-02-20 10:53:06 PST,323, Commute to home, , 
2/20/20 18:47, 2020-02-20 18:53:06, 2020-02-20 10:47:44 PST, 2020-02-20 10:53:06 PST,322, Transport, , 
2/20/20 18:53, 2020-02-20 19:34:29, 2020-02-20 10:53:06 PST, 2020-02-20 11:34:29 PST,2483, Home, , 
2/20/20 19:34, 2020-02-20 19:37:43, 2020-02-20 11:34:29 PST, 2020-02-20 11:37:43 PST,194, Transport, , 
2/20/20 19:39, 2020-02-20 19:44:59, 2020-02-20 11:39:12 PST, 2020-02-20 11:44:59 PST,347, Walk, , 
2/20/20 23:12, 2020-02-20 23:19:31, 2020-02-20 15:12:52 PST, 2020-02-20 15:19:31 PST,399, Transport, , 
2/20/20 23:19, 2020-02-21 20:01:00, 2020-02-20 15:19:31 PST, 2020-02-21 12:01:00 PST,74489, Home, , 
2/21/20 9:09, 2020-02-21 14:45:15, 2020-02-21 01:09:46 PST, 2020-02-21 06:45:15 PST,20129, Sleep, , 
2/21/20 20:00, 2020-02-21 20:07:57, 2020-02-21 12:00:59 PST, 2020-02-21 12:07:57 PST,418, Commute to work, , 
2/21/20 20:01, 2020-02-21 20:07:57, 2020-02-21 12:01:00 PST, 2020-02-21 12:07:57 PST,417, Transport, , 
2/21/20 20:07, 2020-02-21 22:30:54, 2020-02-21 12:07:57 PST, 2020-02-21 14:30:54 PST,8577, School, , 
2/21/20 22:50, 2020-02-22 02:09:17, 2020-02-21 14:50:45 PST, 2020-02-21 18:09:17 PST,11912, School, , 
2/22/20 2:09, 2020-02-22 02:34:06, 2020-02-21 18:09:22 PST, 2020-02-21 18:34:06 PST,1484, Transport, , 
2/22/20 3:31, 2020-02-22 03:54:26, 2020-02-21 19:31:11 PST, 2020-02-21 19:54:26 PST,1395, Transport, , 
2/22/20 4:00, 2020-02-22 04:03:40, 2020-02-21 20:00:41 PST, 2020-02-21 20:03:40 PST,179, Transport, , 
2/22/20 4:03, 2020-02-22 05:09:41, 2020-02-21 20:03:40 PST, 2020-02-21 21:09:41 PST,3961, Home, , 
2/22/20 5:10, 2020-02-22 05:19:04, 2020-02-21 21:10:46 PST, 2020-02-21 21:19:04 PST,498, Transport, , 
2/22/20 5:19, 2020-02-22 05:40:03, 2020-02-21 21:19:04 PST, 2020-02-21 21:40:03 PST,1259, Groceries, Target, 
2/22/20 5:40, 2020-02-22 05:44:38, 2020-02-21 21:40:03 PST, 2020-02-21 21:44:38 PST,275, Walk, , 
2/22/20 5:44, 2020-02-22 05:49:26, 2020-02-21 21:44:39 PST, 2020-02-21 21:49:26 PST,287, Transport, , 
2/22/20 5:49, 2020-02-22 16:07:02, 2020-02-21 21:49:26 PST, 2020-02-22 08:07:02 PST,37056, Home, , 
2/22/20 8:13, 2020-02-22 14:59:25, 2020-02-22 00:13:19 PST, 2020-02-22 06:59:25 PST,24366, Sleep, , 
2/22/20 16:07, 2020-02-22 16:12:20, 2020-02-22 08:07:01 PST, 2020-02-22 08:12:20 PST,319, Commute to work, , 
2/22/20 16:12, 2020-02-22 17:22:47, 2020-02-22 08:12:20 PST, 2020-02-22 09:22:47 PST,4227, School, Cal Poly Recreation Center, 
2/22/20 17:22, 2020-02-22 18:13:45, 2020-02-22 09:22:46 PST, 2020-02-22 10:13:45 PST,3059, Commute to home, , 
2/22/20 17:22, 2020-02-22 17:35:30, 2020-02-22 09:22:47 PST, 2020-02-22 09:35:30 PST,763, Transport, , 
2/22/20 18:01, 2020-02-22 18:13:45, 2020-02-22 10:01:08 PST, 2020-02-22 10:13:45 PST,757, Transport, , 
2/22/20 18:13, 2020-02-22 19:01:40, 2020-02-22 10:13:45 PST, 2020-02-22 11:01:40 PST,2875, Home, , 
2/22/20 19:01, 2020-02-22 19:10:03, 2020-02-22 11:01:44 PST, 2020-02-22 11:10:03 PST,499, Transport, , 
2/22/20 19:59, 2020-02-22 20:04:59, 2020-02-22 11:59:14 PST, 2020-02-22 12:04:59 PST,345, Transport, , 
2/22/20 20:27, 2020-02-22 20:43:04, 2020-02-22 12:27:55 PST, 2020-02-22 12:43:04 PST,909, Transport, , 
2/22/20 20:43, 2020-02-23 00:58:06, 2020-02-22 12:43:04 PST, 2020-02-22 16:58:06 PST,15302, Home, , 
2/23/20 0:58, 2020-02-23 01:07:18, 2020-02-22 16:58:06 PST, 2020-02-22 17:07:18 PST,552, Transport, , 
2/23/20 1:43, 2020-02-23 01:53:51, 2020-02-22 17:43:55 PST, 2020-02-22 17:53:51 PST,596, Transport, , 
2/23/20 1:53, 2020-02-23 18:05:08, 2020-02-22 17:53:51 PST, 2020-02-23 10:05:08 PST,58277, Home, , 
2/23/20 9:55, 2020-02-23 14:45:12, 2020-02-23 01:55:29 PST, 2020-02-23 06:45:12 PST,17383, Sleep, , 
2/23/20 18:05, 2020-02-23 18:14:40, 2020-02-23 10:05:07 PST, 2020-02-23 10:14:40 PST,573, Commute to work, , 
2/23/20 18:14, 2020-02-23 20:52:17, 2020-02-23 10:14:40 PST, 2020-02-23 12:52:17 PST,9457, School, , 
2/23/20 22:09, 2020-02-23 22:13:29, 2020-02-23 14:09:39 PST, 2020-02-23 14:13:29 PST,230, Transport, , 
2/23/20 22:13, 2020-02-23 23:39:44, 2020-02-23 14:13:29 PST, 2020-02-23 15:39:44 PST,5175, Home, , 
2/23/20 23:39, 2020-02-23 23:46:41, 2020-02-23 15:39:44 PST, 2020-02-23 15:46:41 PST,417, Transport, , 
2/24/20 3:05, 2020-02-24 03:10:27, 2020-02-23 19:05:23 PST, 2020-02-23 19:10:27 PST,304, Transport, , 
2/24/20 3:46, 2020-02-24 03:50:05, 2020-02-23 19:46:56 PST, 2020-02-23 19:50:05 PST,189, Transport, , 
2/24/20 3:50, 2020-02-24 20:59:49, 2020-02-23 19:50:05 PST, 2020-02-24 12:59:49 PST,61784, Home, , 
2/24/20 7:14, 2020-02-24 14:20:23, 2020-02-23 23:14:16 PST, 2020-02-24 06:20:23 PST,25567, Sleep, , 
2/24/20 20:59, 2020-02-24 21:01:54, 2020-02-24 12:59:48 PST, 2020-02-24 13:01:54 PST,126, Commute to work, , 
2/24/20 20:59, 2020-02-24 21:01:53, 2020-02-24 12:59:49 PST, 2020-02-24 13:01:53 PST,124, Walk, , 
2/24/20 21:01, 2020-02-24 22:07:13, 2020-02-24 13:01:54 PST, 2020-02-24 14:07:13 PST,3919, School, , 
2/24/20 22:07, 2020-02-24 22:46:40, 2020-02-24 14:07:12 PST, 2020-02-24 14:46:40 PST,2368, Commute to home, , 
2/24/20 22:12, 2020-02-24 22:23:21, 2020-02-24 14:12:41 PST, 2020-02-24 14:23:21 PST,640, Transport, , 
2/24/20 22:23, 2020-02-24 22:33:41, 2020-02-24 14:23:21 PST, 2020-02-24 14:33:41 PST,620, Groceries, Trader Joe's, 
2/24/20 22:34, 2020-02-24 22:46:40, 2020-02-24 14:34:13 PST, 2020-02-24 14:46:40 PST,747, Transport, , 
2/24/20 22:46, 2020-02-25 15:50:41, 2020-02-24 14:46:40 PST, 2020-02-25 07:50:41 PST,61441, Home, , 
2/25/20 7:19, 2020-02-25 14:22:45, 2020-02-24 23:19:46 PST, 2020-02-25 06:22:45 PST,25379, Sleep, , 
2/25/20 15:50, 2020-02-25 16:13:12, 2020-02-25 07:50:40 PST, 2020-02-25 08:13:12 PST,1352, Commute to work, , 
2/25/20 15:50, 2020-02-25 16:00:58, 2020-02-25 07:50:41 PST, 2020-02-25 08:00:58 PST,617, Cycle, , 
2/25/20 16:03, 2020-02-25 16:07:14, 2020-02-25 08:03:04 PST, 2020-02-25 08:07:14 PST,250, Walk, , 
2/25/20 16:13, 2020-02-25 21:56:45, 2020-02-25 08:13:12 PST, 2020-02-25 13:56:45 PST,20613, School, Math and Science (Bldg 38), 
2/25/20 21:56, 2020-02-25 22:04:10, 2020-02-25 13:56:44 PST, 2020-02-25 14:04:10 PST,446, Commute to home, , 
2/25/20 22:04, 2020-02-26 00:33:31, 2020-02-25 14:04:10 PST, 2020-02-25 16:33:31 PST,8961, Home, , 
2/26/20 0:33, 2020-02-26 00:36:29, 2020-02-25 16:33:30 PST, 2020-02-25 16:36:29 PST,179, Commute to work, , 
2/26/20 0:33, 2020-02-26 00:36:29, 2020-02-25 16:33:31 PST, 2020-02-25 16:36:29 PST,178, Transport, , 
2/26/20 0:36, 2020-02-26 02:29:13, 2020-02-25 16:36:29 PST, 2020-02-25 18:29:13 PST,6764, School, , 
2/26/20 2:29, 2020-02-26 02:34:07, 2020-02-25 18:29:12 PST, 2020-02-25 18:34:07 PST,295, Commute to home, , 
2/26/20 2:30, 2020-02-26 02:34:07, 2020-02-25 18:30:12 PST, 2020-02-25 18:34:07 PST,235, Transport, , 
2/26/20 2:34, 2020-02-26 03:38:50, 2020-02-25 18:34:07 PST, 2020-02-25 19:38:50 PST,3883, Home, , 
2/26/20 3:38, 2020-02-26 03:48:02, 2020-02-25 19:38:50 PST, 2020-02-25 19:48:02 PST,552, Transport, , 
2/26/20 3:48, 2020-02-26 17:56:30, 2020-02-25 19:48:02 PST, 2020-02-26 09:56:30 PST,50908, Home, , 
2/26/20 9:42, 2020-02-26 14:30:23, 2020-02-26 01:42:00 PST, 2020-02-26 06:30:23 PST,17303, Sleep, , 
2/26/20 18:06, 2020-02-26 20:48:47, 2020-02-26 10:06:26 PST, 2020-02-26 12:48:47 PST,9741, Studying, SLODOCO, 
2/26/20 20:48, 2020-02-26 20:51:43, 2020-02-26 12:48:47 PST, 2020-02-26 12:51:43 PST,176, Transport, , 
2/26/20 20:51, 2020-02-26 21:59:00, 2020-02-26 12:51:43 PST, 2020-02-26 13:59:00 PST,4037, School, , 
2/26/20 21:58, 2020-02-26 22:04:27, 2020-02-26 13:58:59 PST, 2020-02-26 14:04:27 PST,328, Commute to home, , 
2/26/20 21:59, 2020-02-26 22:01:09, 2020-02-26 13:59:00 PST, 2020-02-26 14:01:09 PST,129, Walk, , 
2/26/20 22:01, 2020-02-26 22:04:27, 2020-02-26 14:01:10 PST, 2020-02-26 14:04:27 PST,197, Transport, , 
2/26/20 22:04, 2020-02-27 00:06:44, 2020-02-26 14:04:27 PST, 2020-02-26 16:06:44 PST,7337, Home, , 
2/27/20 0:06, 2020-02-27 00:16:23, 2020-02-26 16:06:44 PST, 2020-02-26 16:16:23 PST,579, Transport, , 
2/27/20 0:28, 2020-02-27 00:33:18, 2020-02-26 16:28:38 PST, 2020-02-26 16:33:18 PST,280, Transport, , 
2/27/20 0:53, 2020-02-27 01:00:48, 2020-02-26 16:53:07 PST, 2020-02-26 17:00:48 PST,461, Transport, , 
2/27/20 1:00, 2020-02-27 04:23:10, 2020-02-26 17:00:48 PST, 2020-02-26 20:23:10 PST,12142, Home, , 
2/27/20 4:23, 2020-02-27 04:26:37, 2020-02-26 20:23:10 PST, 2020-02-26 20:26:37 PST,207, Transport, , 
2/27/20 4:26, 2020-02-27 08:30:49, 2020-02-26 20:26:37 PST, 2020-02-27 00:30:49 PST,14652, Studying, Robert E. Kennedy Library- 24/7 Study Room, 
2/27/20 8:30, 2020-02-27 08:37:09, 2020-02-27 00:30:49 PST, 2020-02-27 00:37:09 PST,380, Transport, , 
2/27/20 8:57, 2020-02-27 09:03:19, 2020-02-27 00:57:20 PST, 2020-02-27 01:03:19 PST,359, Transport, , 
2/27/20 9:03, 2020-02-27 22:58:35, 2020-02-27 01:03:19 PST, 2020-02-27 14:58:35 PST,50116, Home, , 
2/27/20 10:46, 2020-02-27 15:30:15, 2020-02-27 02:46:01 PST, 2020-02-27 07:30:15 PST,17054, Sleep, , 
2/27/20 22:58, 2020-02-27 23:01:34, 2020-02-27 14:58:34 PST, 2020-02-27 15:01:34 PST,180, Commute to work, , 
2/27/20 22:58, 2020-02-27 23:01:34, 2020-02-27 14:58:35 PST, 2020-02-27 15:01:34 PST,179, Transport, , 
2/27/20 23:01, 2020-02-28 00:35:42, 2020-02-27 15:01:34 PST, 2020-02-27 16:35:42 PST,5648, School, , 
2/28/20 0:35, 2020-02-28 00:38:40, 2020-02-27 16:35:41 PST, 2020-02-27 16:38:40 PST,179, Commute to home, , 
2/28/20 0:35, 2020-02-28 00:38:40, 2020-02-27 16:35:42 PST, 2020-02-27 16:38:40 PST,178, Transport, , 
2/28/20 0:38, 2020-02-28 00:46:38, 2020-02-27 16:38:40 PST, 2020-02-27 16:46:38 PST,478, Home, , 
2/28/20 0:47, 2020-02-28 00:58:16, 2020-02-27 16:47:07 PST, 2020-02-27 16:58:16 PST,669, Transport, , 
2/28/20 1:12, 2020-02-28 01:23:21, 2020-02-27 17:12:19 PST, 2020-02-27 17:23:21 PST,662, Transport, , 
2/28/20 1:23, 2020-02-28 02:39:44, 2020-02-27 17:23:21 PST, 2020-02-27 18:39:44 PST,4583, Home, , 
2/28/20 2:39, 2020-02-28 02:49:30, 2020-02-27 18:39:44 PST, 2020-02-27 18:49:30 PST,586, Transport, , 
2/28/20 3:39, 2020-02-28 03:49:47, 2020-02-27 19:39:25 PST, 2020-02-27 19:49:47 PST,622, Transport, , 
2/28/20 3:50, 2020-02-28 05:09:44, 2020-02-27 19:50:23 PST, 2020-02-27 21:09:44 PST,4761, Home, , 
2/28/20 5:09, 2020-02-28 05:18:47, 2020-02-27 21:09:43 PST, 2020-02-27 21:18:47 PST,544, Commute to work, , 
2/28/20 5:09, 2020-02-28 05:18:47, 2020-02-27 21:09:44 PST, 2020-02-27 21:18:47 PST,543, Transport, , 
2/28/20 5:18, 2020-02-28 05:36:24, 2020-02-27 21:18:47 PST, 2020-02-27 21:36:24 PST,1057, Work, Five Guys, 
2/28/20 5:36, 2020-02-28 05:36:24, 2020-02-27 21:36:23 PST, 2020-02-27 21:36:24 PST,1, Commute to home, , 
2/28/20 5:36, 2020-02-28 21:14:01, 2020-02-27 21:36:24 PST, 2020-02-28 13:14:01 PST,56257, Home, , 
2/28/20 7:12, 2020-02-28 14:20:13, 2020-02-27 23:12:48 PST, 2020-02-28 06:20:13 PST,25645, Sleep, , 
2/28/20 21:14, 2020-02-28 21:18:36, 2020-02-28 13:14:01 PST, 2020-02-28 13:18:36 PST,275, Transport, , 
2/28/20 21:31, 2020-02-28 21:45:03, 2020-02-28 13:31:47 PST, 2020-02-28 13:45:03 PST,796, Transport, , 
2/28/20 22:00, 2020-02-28 22:08:04, 2020-02-28 14:00:00 PST, 2020-02-28 14:08:04 PST,484, Transport, , 
2/28/20 22:21, 2020-02-28 22:36:55, 2020-02-28 14:21:59 PST, 2020-02-28 14:36:55 PST,896, Transport, , 
2/28/20 22:36, 2020-02-28 22:59:32, 2020-02-28 14:36:55 PST, 2020-02-28 14:59:32 PST,1357, Groceries, Walmart, 
2/28/20 22:59, 2020-02-28 23:02:05, 2020-02-28 14:59:32 PST, 2020-02-28 15:02:05 PST,153, Walk, , 
2/28/20 23:02, 2020-02-28 23:20:31, 2020-02-28 15:02:06 PST, 2020-02-28 15:20:31 PST,1105, Transport, , 
2/28/20 23:20, 2020-02-29 05:45:20, 2020-02-28 15:20:31 PST, 2020-02-28 21:45:20 PST,23089, Home, , 
2/29/20 5:45, 2020-02-29 05:54:38, 2020-02-28 21:45:54 PST, 2020-02-28 21:54:38 PST,524, Transport, , 
2/29/20 5:54, 2020-02-29 06:14:57, 2020-02-28 21:54:38 PST, 2020-02-28 22:14:57 PST,1219, Groceries, Target, 
2/29/20 6:14, 2020-02-29 06:22:23, 2020-02-28 22:14:57 PST, 2020-02-28 22:22:23 PST,446, Transport, , 
2/29/20 6:22, 2020-02-29 17:32:17, 2020-02-28 22:22:23 PST, 2020-02-29 09:32:17 PST,40194, Home, , 
2/29/20 9:47, 2020-02-29 14:15:49, 2020-02-29 01:47:10 PST, 2020-02-29 06:15:49 PST,16119, Sleep, , 
2/29/20 17:32, 2020-02-29 17:44:58, 2020-02-29 09:32:17 PST, 2020-02-29 09:44:58 PST,761, Transport, , 
2/29/20 18:10, 2020-02-29 18:17:19, 2020-02-29 10:10:08 PST, 2020-02-29 10:17:19 PST,431, Transport, , 
2/29/20 19:38, 2020-02-29 19:45:21, 2020-02-29 11:38:04 PST, 2020-02-29 11:45:21 PST,437, Transport, , 
2/29/20 19:45, 2020-03-01 00:08:28, 2020-02-29 11:45:21 PST, 2020-02-29 16:08:28 PST,15787, Home, , 
3/1/20 0:08, 2020-03-01 00:15:59, 2020-02-29 16:08:28 PST, 2020-02-29 16:15:59 PST,451, Transport, , 
3/1/20 0:15, 2020-03-01 02:46:13, 2020-02-29 16:15:59 PST, 2020-02-29 18:46:13 PST,9014, Home, , 
3/1/20 2:46, 2020-03-01 02:56:42, 2020-02-29 18:46:13 PST, 2020-02-29 18:56:42 PST,629, Transport, , 
3/1/20 2:56, 2020-03-01 03:09:31, 2020-02-29 18:56:42 PST, 2020-02-29 19:09:31 PST,769, Groceries, Trader Joe's, 
3/1/20 3:09, 2020-03-01 03:12:42, 2020-02-29 19:09:31 PST, 2020-02-29 19:12:42 PST,191, Walk, , 
3/1/20 3:12, 2020-03-01 03:20:41, 2020-02-29 19:12:43 PST, 2020-02-29 19:20:41 PST,478, Transport, , 
3/1/20 3:20, 2020-03-01 16:17:01, 2020-02-29 19:20:41 PST, 2020-03-01 08:17:01 PST,46580, Home, , 
3/1/20 8:18, 2020-03-01 15:28:24, 2020-03-01 00:18:57 PST, 2020-03-01 07:28:24 PST,25767, Sleep, , 
3/1/20 16:17, 2020-03-01 16:21:13, 2020-03-01 08:17:00 PST, 2020-03-01 08:21:13 PST,253, Commute to work, , 
3/1/20 16:17, 2020-03-01 16:21:13, 2020-03-01 08:17:01 PST, 2020-03-01 08:21:13 PST,252, Transport, , 
3/1/20 16:21, 2020-03-01 17:31:16, 2020-03-01 08:21:13 PST, 2020-03-01 09:31:16 PST,4203, School, Cal Poly Recreation Center, 
3/1/20 17:31, 2020-03-01 17:35:54, 2020-03-01 09:31:15 PST, 2020-03-01 09:35:54 PST,279, Commute to home, , 
3/1/20 17:31, 2020-03-01 17:35:54, 2020-03-01 09:31:16 PST, 2020-03-01 09:35:54 PST,278, Transport, , 
3/1/20 17:35, 2020-03-01 18:05:35, 2020-03-01 09:35:54 PST, 2020-03-01 10:05:35 PST,1781, Home, , 
3/1/20 18:05, 2020-03-01 18:12:48, 2020-03-01 10:05:35 PST, 2020-03-01 10:12:48 PST,433, Transport, , 
3/1/20 18:12, 2020-03-01 19:11:44, 2020-03-01 10:12:48 PST, 2020-03-01 11:11:44 PST,3536, Groceries, Ferrini, 
3/1/20 19:12, 2020-03-01 19:18:39, 2020-03-01 11:12:36 PST, 2020-03-01 11:18:39 PST,363, Transport, , 
3/1/20 20:02, 2020-03-01 20:14:38, 2020-03-01 12:02:00 PST, 2020-03-01 12:14:38 PST,758, Transport, , 
3/1/20 22:17, 2020-03-01 22:22:11, 2020-03-01 14:17:49 PST, 2020-03-01 14:22:11 PST,262, Transport, , 
3/1/20 22:22, 2020-03-02 01:15:36, 2020-03-01 14:22:11 PST, 2020-03-01 17:15:36 PST,10405, Home, , 
3/2/20 1:15, 2020-03-02 01:21:44, 2020-03-01 17:15:36 PST, 2020-03-01 17:21:44 PST,368, Transport, , 
3/2/20 1:21, 2020-03-02 01:24:49, 2020-03-01 17:21:44 PST, 2020-03-01 17:24:49 PST,185, Walk, , 
3/2/20 1:24, 2020-03-02 01:52:06, 2020-03-01 17:24:50 PST, 2020-03-01 17:52:06 PST,1636, Groceries, Costco, 
3/2/20 1:52, 2020-03-02 01:57:03, 2020-03-01 17:52:06 PST, 2020-03-01 17:57:03 PST,297, Transport, , 
3/2/20 2:26, 2020-03-02 02:33:49, 2020-03-01 18:26:17 PST, 2020-03-01 18:33:49 PST,452, Transport, , 
3/2/20 2:33, 2020-03-02 17:44:50, 2020-03-01 18:33:49 PST, 2020-03-02 09:44:50 PST,54661, Home, , 
3/2/20 10:26, 2020-03-02 14:30:30, 2020-03-02 02:26:40 PST, 2020-03-02 06:30:30 PST,14630, Sleep, , 
3/2/20 17:51, 2020-03-02 17:55:29, 2020-03-02 09:51:44 PST, 2020-03-02 09:55:29 PST,225, Transport, , 
3/2/20 18:00, 2020-03-02 20:53:22, 2020-03-02 10:00:38 PST, 2020-03-02 12:53:22 PST,10364, Studying, SLODOCO, 
3/2/20 21:02, 2020-03-02 21:10:39, 2020-03-02 13:02:37 PST, 2020-03-02 13:10:39 PST,482, Walk, , 
3/2/20 21:10, 2020-03-02 22:02:36, 2020-03-02 13:10:40 PST, 2020-03-02 14:02:36 PST,3116, School, , 
3/2/20 22:02, 2020-03-02 22:18:10, 2020-03-02 14:02:35 PST, 2020-03-02 14:18:10 PST,935, Commute to home, , 
3/2/20 22:02, 2020-03-02 22:11:44, 2020-03-02 14:02:36 PST, 2020-03-02 14:11:44 PST,548, Walk, , 
3/2/20 22:11, 2020-03-02 22:18:10, 2020-03-02 14:11:45 PST, 2020-03-02 14:18:10 PST,385, Transport, , 
3/2/20 22:18, 2020-03-03 02:19:21, 2020-03-02 14:18:10 PST, 2020-03-02 18:19:21 PST,14471, Home, , 
3/3/20 2:19, 2020-03-03 02:27:30, 2020-03-02 18:19:21 PST, 2020-03-02 18:27:30 PST,489, Transport, , 
3/3/20 5:24, 2020-03-03 05:32:20, 2020-03-02 21:24:43 PST, 2020-03-02 21:32:20 PST,457, Transport, , 
3/3/20 5:32, 2020-03-03 17:43:12, 2020-03-02 21:32:20 PST, 2020-03-03 09:43:12 PST,43852, Home, , 
3/3/20 8:42, 2020-03-03 14:39:09, 2020-03-03 00:42:18 PST, 2020-03-03 06:39:09 PST,21411, Sleep, , 
3/3/20 17:43, 2020-03-03 17:48:34, 2020-03-03 09:43:11 PST, 2020-03-03 09:48:34 PST,323, Commute to work, , 
3/3/20 17:43, 2020-03-03 17:45:34, 2020-03-03 09:43:12 PST, 2020-03-03 09:45:34 PST,142, Walk, , 
3/3/20 17:45, 2020-03-03 17:48:34, 2020-03-03 09:45:35 PST, 2020-03-03 09:48:34 PST,179, Transport, , 
3/3/20 17:48, 2020-03-03 18:40:44, 2020-03-03 09:48:34 PST, 2020-03-03 10:40:44 PST,3130, School, Cal Poly Recreation Center, 
3/3/20 18:40, 2020-03-03 19:06:49, 2020-03-03 10:40:43 PST, 2020-03-03 11:06:49 PST,1566, Commute to home, , 
3/3/20 18:59, 2020-03-03 19:06:49, 2020-03-03 10:59:28 PST, 2020-03-03 11:06:49 PST,441, Transport, , 
3/3/20 19:06, 2020-03-04 01:55:10, 2020-03-03 11:06:49 PST, 2020-03-03 17:55:10 PST,24501, Home, , 
3/4/20 1:55, 2020-03-04 01:57:30, 2020-03-03 17:55:10 PST, 2020-03-03 17:57:30 PST,140, Transport, , 
3/4/20 2:00, 2020-03-04 02:03:35, 2020-03-03 18:00:04 PST, 2020-03-03 18:03:35 PST,211, Walk, , 
3/4/20 2:29, 2020-03-04 02:36:57, 2020-03-03 18:29:57 PST, 2020-03-03 18:36:57 PST,420, Transport, , 
3/4/20 5:06, 2020-03-04 05:11:29, 2020-03-03 21:06:08 PST, 2020-03-03 21:11:29 PST,321, Transport, , 
3/4/20 5:11, 2020-03-04 05:44:06, 2020-03-03 21:11:29 PST, 2020-03-03 21:44:06 PST,1957, Groceries, Target, 
3/4/20 5:44, 2020-03-04 05:49:22, 2020-03-03 21:44:06 PST, 2020-03-03 21:49:22 PST,316, Transport, , 
3/4/20 5:49, 2020-03-04 17:59:59, 2020-03-03 21:49:22 PST, 2020-03-04 09:59:59 PST,43837, Home, , 
3/4/20 9:51, 2020-03-04 15:00:21, 2020-03-04 01:51:39 PST, 2020-03-04 07:00:21 PST,18522, Sleep, , 
3/4/20 18:01, 2020-03-04 18:12:27, 2020-03-04 10:01:33 PST, 2020-03-04 10:12:27 PST,654, Transport, , 
3/4/20 18:12, 2020-03-04 19:55:39, 2020-03-04 10:12:27 PST, 2020-03-04 11:55:39 PST,6192, Studying, SLODOCO, 
3/4/20 19:55, 2020-03-04 19:58:06, 2020-03-04 11:55:39 PST, 2020-03-04 11:58:06 PST,147, Transport, , 
3/4/20 20:46, 2020-03-04 20:48:49, 2020-03-04 12:46:43 PST, 2020-03-04 12:48:49 PST,126, Walk, , 
3/4/20 20:48, 2020-03-04 21:03:30, 2020-03-04 12:48:50 PST, 2020-03-04 13:03:30 PST,880, Transport, , 
3/4/20 21:37, 2020-03-04 22:11:34, 2020-03-04 13:37:53 PST, 2020-03-04 14:11:34 PST,2021, Home, , 
3/4/20 22:11, 2020-03-04 22:15:49, 2020-03-04 14:11:33 PST, 2020-03-04 14:15:49 PST,256, Commute to work, , 
3/4/20 22:11, 2020-03-04 22:15:49, 2020-03-04 14:11:34 PST, 2020-03-04 14:15:49 PST,255, Transport, , 
3/4/20 22:15, 2020-03-04 23:07:43, 2020-03-04 14:15:49 PST, 2020-03-04 15:07:43 PST,3114, School, , 
3/4/20 23:07, 2020-03-04 23:16:23, 2020-03-04 15:07:43 PST, 2020-03-04 15:16:23 PST,520, Walk, , 
3/5/20 0:24, 2020-03-05 00:29:33, 2020-03-04 16:24:19 PST, 2020-03-04 16:29:33 PST,314, Walk, , 
3/5/20 0:29, 2020-03-05 00:41:22, 2020-03-04 16:29:34 PST, 2020-03-04 16:41:22 PST,708, Transport, , 
3/5/20 3:39, 2020-03-05 03:45:34, 2020-03-04 19:39:07 PST, 2020-03-04 19:45:34 PST,387, Walk, , 
3/5/20 3:46, 2020-03-05 03:50:03, 2020-03-04 19:46:10 PST, 2020-03-04 19:50:03 PST,233, Transport, , 
3/5/20 3:50, 2020-03-05 04:33:43, 2020-03-04 19:50:03 PST, 2020-03-04 20:33:43 PST,2620, Home, , 
3/5/20 4:35, 2020-03-05 08:25:19, 2020-03-04 20:35:24 PST, 2020-03-05 00:25:19 PST,13795, Studying, Robert E. Kennedy Library- 24/7 Study Room, 
3/5/20 8:25, 2020-03-05 08:28:16, 2020-03-05 00:25:19 PST, 2020-03-05 00:28:16 PST,177, Transport, , 
3/5/20 8:28, 2020-03-05 16:06:12, 2020-03-05 00:28:16 PST, 2020-03-05 08:06:12 PST,27476, Home, , 
3/5/20 9:34, 2020-03-05 14:54:19, 2020-03-05 01:34:41 PST, 2020-03-05 06:54:19 PST,19178, Sleep, , 
3/5/20 16:06, 2020-03-05 16:10:57, 2020-03-05 08:06:11 PST, 2020-03-05 08:10:57 PST,286, Commute to work, , 
3/5/20 16:06, 2020-03-05 16:10:57, 2020-03-05 08:06:12 PST, 2020-03-05 08:10:57 PST,285, Transport, , 
3/5/20 16:10, 2020-03-05 18:38:24, 2020-03-05 08:10:57 PST, 2020-03-05 10:38:24 PST,8847, School, Math and Science (Bldg 38), 
3/5/20 18:38, 2020-03-05 18:43:01, 2020-03-05 10:38:23 PST, 2020-03-05 10:43:01 PST,278, Commute to home, , 
3/5/20 18:38, 2020-03-05 18:43:01, 2020-03-05 10:38:24 PST, 2020-03-05 10:43:01 PST,277, Transport, , 
3/5/20 18:43, 2020-03-05 19:57:15, 2020-03-05 10:43:01 PST, 2020-03-05 11:57:15 PST,4454, Home, , 
3/5/20 19:57, 2020-03-05 20:15:07, 2020-03-05 11:57:14 PST, 2020-03-05 12:15:07 PST,1073, Commute to work, , 
3/5/20 19:57, 2020-03-05 20:03:48, 2020-03-05 11:57:17 PST, 2020-03-05 12:03:48 PST,391, Transport, , 
3/5/20 20:05, 2020-03-05 20:15:06, 2020-03-05 12:05:12 PST, 2020-03-05 12:15:06 PST,594, Walk, , 
3/5/20 20:15, 2020-03-05 21:41:45, 2020-03-05 12:15:07 PST, 2020-03-05 13:41:45 PST,5198, School, Math and Science (Bldg 38), 
3/5/20 21:41, 2020-03-05 21:53:35, 2020-03-05 13:41:44 PST, 2020-03-05 13:53:35 PST,711, Commute to home, , 
3/5/20 21:41, 2020-03-05 21:50:06, 2020-03-05 13:41:45 PST, 2020-03-05 13:50:06 PST,501, Walk, , 
3/5/20 21:53, 2020-03-05 22:54:17, 2020-03-05 13:53:35 PST, 2020-03-05 14:54:17 PST,3642, Home, , 
3/5/20 22:55, 2020-03-06 00:49:52, 2020-03-05 14:55:20 PST, 2020-03-05 16:49:52 PST,6872, Studying, SLODOCO, 
3/6/20 0:50, 2020-03-06 02:04:05, 2020-03-05 16:50:47 PST, 2020-03-05 18:04:05 PST,4398, Home, , 
3/6/20 2:04, 2020-03-06 02:06:29, 2020-03-05 18:04:05 PST, 2020-03-05 18:06:29 PST,144, Transport, , 
3/6/20 2:13, 2020-03-06 03:55:05, 2020-03-05 18:13:14 PST, 2020-03-05 19:55:05 PST,6111, Studying, SLODOCO, 
3/6/20 3:55, 2020-03-06 04:00:53, 2020-03-05 19:55:49 PST, 2020-03-05 20:00:53 PST,304, Transport, , 
3/6/20 4:07, 2020-03-06 04:12:40, 2020-03-05 20:07:24 PST, 2020-03-05 20:12:40 PST,316, Transport, , 
3/6/20 4:24, 2020-03-06 04:37:32, 2020-03-05 20:24:05 PST, 2020-03-05 20:37:32 PST,807, Walk, , 
3/6/20 4:37, 2020-03-06 04:41:04, 2020-03-05 20:37:33 PST, 2020-03-05 20:41:04 PST,211, Transport, , 
3/6/20 5:06, 2020-03-06 05:12:45, 2020-03-05 21:06:00 PST, 2020-03-05 21:12:45 PST,405, Transport, , 
3/6/20 5:12, 2020-03-06 05:30:00, 2020-03-05 21:12:45 PST, 2020-03-05 21:30:00 PST,1035, Groceries, Trader Joe's, 
3/6/20 5:30, 2020-03-06 05:41:08, 2020-03-05 21:30:00 PST, 2020-03-05 21:41:08 PST,668, Transport, , 
3/6/20 5:41, 2020-03-06 17:27:04, 2020-03-05 21:41:08 PST, 2020-03-06 09:27:04 PST,42356, Home, , 
3/6/20 6:26, 2020-03-06 15:57:02, 2020-03-05 22:26:29 PST, 2020-03-06 07:57:02 PST,34233, Sleep, , 
3/6/20 17:27, 2020-03-06 17:40:53, 2020-03-06 09:27:04 PST, 2020-03-06 09:40:53 PST,829, Transport, , 
3/6/20 18:17, 2020-03-06 18:32:32, 2020-03-06 10:17:13 PST, 2020-03-06 10:32:32 PST,919, Transport, , 
3/6/20 18:38, 2020-03-06 18:49:55, 2020-03-06 10:38:41 PST, 2020-03-06 10:49:55 PST,674, Transport, , 
3/6/20 18:50, 2020-03-06 21:05:11, 2020-03-06 10:50:09 PST, 2020-03-06 13:05:11 PST,8102, Home, , 
3/6/20 21:05, 2020-03-06 21:08:46, 2020-03-06 13:05:10 PST, 2020-03-06 13:08:46 PST,216, Commute to work, , 
3/6/20 21:05, 2020-03-06 21:08:46, 2020-03-06 13:05:11 PST, 2020-03-06 13:08:46 PST,215, Transport, , 
3/6/20 21:08, 2020-03-06 22:01:44, 2020-03-06 13:08:46 PST, 2020-03-06 14:01:44 PST,3178, School, Math and Science (Bldg 38), 
3/6/20 22:20, 2020-03-06 22:22:55, 2020-03-06 14:20:31 PST, 2020-03-06 14:22:55 PST,144, Walk, , 
3/6/20 22:22, 2020-03-06 22:27:40, 2020-03-06 14:22:56 PST, 2020-03-06 14:27:40 PST,284, Transport, , 
3/6/20 23:22, 2020-03-06 23:28:28, 2020-03-06 15:22:43 PST, 2020-03-06 15:28:28 PST,345, Transport, , 
3/6/20 23:39, 2020-03-06 23:45:25, 2020-03-06 15:39:40 PST, 2020-03-06 15:45:25 PST,345, Transport, , 
3/7/20 1:38, 2020-03-07 01:44:53, 2020-03-06 17:38:45 PST, 2020-03-06 17:44:53 PST,368, Transport, , 
3/7/20 1:44, 2020-03-07 03:14:35, 2020-03-06 17:44:53 PST, 2020-03-06 19:14:35 PST,5382, Home, , 
3/7/20 3:14, 2020-03-07 04:31:09, 2020-03-06 19:14:48 PST, 2020-03-06 20:31:09 PST,4581, Groceries, Ferrini, 
3/7/20 4:36, 2020-03-07 04:46:10, 2020-03-06 20:36:57 PST, 2020-03-06 20:46:10 PST,553, Transport, , 
3/7/20 4:46, 2020-03-07 05:09:15, 2020-03-06 20:46:10 PST, 2020-03-06 21:09:15 PST,1385, Groceries, Target, 
3/7/20 5:10, 2020-03-07 05:48:59, 2020-03-06 21:10:19 PST, 2020-03-06 21:48:59 PST,2320, Dinner, Whole Foods Market, 
3/7/20 5:49, 2020-03-07 05:58:05, 2020-03-06 21:49:55 PST, 2020-03-06 21:58:05 PST,490, Transport, , 
3/7/20 5:58, 2020-03-07 18:35:16, 2020-03-06 21:58:05 PST, 2020-03-07 10:35:16 PST,45431, Home, , 
3/7/20 8:27, 2020-03-07 15:53:00, 2020-03-07 00:27:47 PST, 2020-03-07 07:53:00 PST,26713, Sleep, , 
3/7/20 18:35, 2020-03-07 18:37:44, 2020-03-07 10:35:16 PST, 2020-03-07 10:37:44 PST,148, Transport, , 
3/7/20 20:08, 2020-03-07 20:11:37, 2020-03-07 12:08:27 PST, 2020-03-07 12:11:37 PST,190, Transport, , 
3/7/20 20:11, 2020-03-07 21:43:45, 2020-03-07 12:11:37 PST, 2020-03-07 13:43:45 PST,5528, Home, , 
3/7/20 21:43, 2020-03-07 21:46:51, 2020-03-07 13:43:45 PST, 2020-03-07 13:46:51 PST,186, Walk, , 
3/7/20 21:46, 2020-03-07 23:15:48, 2020-03-07 13:46:52 PST, 2020-03-07 15:15:48 PST,5336, Studying, Robert E. Kennedy Library- 24/7 Study Room, 
3/7/20 23:16, 2020-03-07 23:19:15, 2020-03-07 15:16:09 PST, 2020-03-07 15:19:15 PST,186, Transport, , 
3/7/20 23:19, 2020-03-08 02:08:32, 2020-03-07 15:19:15 PST, 2020-03-07 18:08:32 PST,10157, Home, , 
3/8/20 2:08, 2020-03-08 02:32:53, 2020-03-07 18:08:32 PST, 2020-03-07 18:32:53 PST,1461, Transport, , 
3/8/20 4:16, 2020-03-08 04:32:02, 2020-03-07 20:16:26 PST, 2020-03-07 20:32:02 PST,936, Transport, , 
3/8/20 4:50, 2020-03-08 04:58:39, 2020-03-07 20:50:38 PST, 2020-03-07 20:58:39 PST,481, Transport, , 
3/8/20 4:58, 2020-03-08 15:09:19, 2020-03-07 20:58:39 PST, 2020-03-08 08:09:19 PDT,36640, Home, , 
3/8/20 15:09, 2020-03-08 15:13:10, 2020-03-08 08:09:18 PDT, 2020-03-08 08:13:10 PDT,232, Commute to work, , 
3/8/20 15:09, 2020-03-08 15:13:10, 2020-03-08 08:09:19 PDT, 2020-03-08 08:13:10 PDT,231, Transport, , 
3/8/20 15:13, 2020-03-08 16:09:54, 2020-03-08 08:13:10 PDT, 2020-03-08 09:09:54 PDT,3404, School, Cal Poly Recreation Center, 
3/8/20 16:09, 2020-03-08 16:14:04, 2020-03-08 09:09:53 PDT, 2020-03-08 09:14:04 PDT,251, Commute to home, , 
3/8/20 16:10, 2020-03-08 16:14:04, 2020-03-08 09:10:52 PDT, 2020-03-08 09:14:04 PDT,192, Transport, , 
3/8/20 16:14, 2020-03-08 17:06:30, 2020-03-08 09:14:04 PDT, 2020-03-08 10:06:30 PDT,3146, Home, , 
3/8/20 17:06, 2020-03-08 17:09:25, 2020-03-08 10:06:30 PDT, 2020-03-08 10:09:25 PDT,175, Transport, , 
3/8/20 17:09, 2020-03-08 18:28:12, 2020-03-08 10:09:25 PDT, 2020-03-08 11:28:12 PDT,4727, Studying, Robert E. Kennedy Library- 24/7 Study Room, 
3/8/20 18:28, 2020-03-08 18:30:35, 2020-03-08 11:28:12 PDT, 2020-03-08 11:30:35 PDT,143, Transport, , 
3/8/20 18:38, 2020-03-08 18:42:15, 2020-03-08 11:38:19 PDT, 2020-03-08 11:42:15 PDT,236, Transport, , 
3/8/20 18:42, 2020-03-08 22:10:37, 2020-03-08 11:42:15 PDT, 2020-03-08 15:10:37 PDT,12502, Studying, Robert E. Kennedy Library- 24/7 Study Room, 
3/8/20 22:10, 2020-03-08 22:14:19, 2020-03-08 15:10:37 PDT, 2020-03-08 15:14:19 PDT,222, Walk, , 
3/8/20 22:14, 2020-03-08 22:18:01, 2020-03-08 15:14:20 PDT, 2020-03-08 15:18:01 PDT,221, Transport, , 
3/8/20 22:18, 2020-03-09 01:23:59, 2020-03-08 15:18:01 PDT, 2020-03-08 18:23:59 PDT,11158, Home, , 
3/9/20 1:23, 2020-03-09 01:29:33, 2020-03-08 18:23:59 PDT, 2020-03-08 18:29:33 PDT,334, Transport, , 
3/9/20 4:10, 2020-03-09 04:13:31, 2020-03-08 21:10:32 PDT, 2020-03-08 21:13:31 PDT,179, Transport, , 
3/9/20 4:27, 2020-03-09 04:35:23, 2020-03-08 21:27:44 PDT, 2020-03-08 21:35:23 PDT,459, Transport, , 
3/9/20 4:35, 2020-03-09 17:02:43, 2020-03-08 21:35:23 PDT, 2020-03-09 10:02:43 PDT,44840, Home, , 
3/9/20 8:32, 2020-03-09 13:54:21, 2020-03-09 01:32:28 PDT, 2020-03-09 06:54:21 PDT,19313, Sleep, , 
3/9/20 17:02, 2020-03-09 17:11:22, 2020-03-09 10:02:43 PDT, 2020-03-09 10:11:22 PDT,519, Transport, , 
3/9/20 17:11, 2020-03-09 19:43:52, 2020-03-09 10:11:22 PDT, 2020-03-09 12:43:52 PDT,9150, Studying, SLODOCO, 
3/9/20 19:43, 2020-03-09 19:47:17, 2020-03-09 12:43:52 PDT, 2020-03-09 12:47:17 PDT,205, Transport, , 
3/9/20 19:47, 2020-03-09 21:05:11, 2020-03-09 12:47:17 PDT, 2020-03-09 14:05:11 PDT,4674, Studying, , 
3/9/20 21:05, 2020-03-09 21:07:58, 2020-03-09 14:05:11 PDT, 2020-03-09 14:07:58 PDT,167, Transport, , 
3/9/20 22:59, 2020-03-09 23:06:17, 2020-03-09 15:59:17 PDT, 2020-03-09 16:06:17 PDT,420, Transport, , 
3/10/20 4:05, 2020-03-10 04:09:21, 2020-03-09 21:05:04 PDT, 2020-03-09 21:09:21 PDT,257, Walk, , 
3/10/20 4:09, 2020-03-10 04:17:54, 2020-03-09 21:09:22 PDT, 2020-03-09 21:17:54 PDT,512, Transport, , 
3/10/20 4:17, 2020-03-10 04:39:12, 2020-03-09 21:17:54 PDT, 2020-03-09 21:39:12 PDT,1278, Groceries, Target, 
3/10/20 4:40, 2020-03-10 04:48:20, 2020-03-09 21:40:17 PDT, 2020-03-09 21:48:20 PDT,483, Transport, , 
3/10/20 4:48, 2020-03-10 16:47:43, 2020-03-09 21:48:20 PDT, 2020-03-10 09:47:43 PDT,43163, Home, , 
3/10/20 9:08, 2020-03-10 13:30:20, 2020-03-10 02:08:22 PDT, 2020-03-10 06:30:20 PDT,15718, Sleep, , 
3/10/20 17:58, 2020-03-10 18:04:26, 2020-03-10 10:58:13 PDT, 2020-03-10 11:04:26 PDT,373, Walk, , 
3/10/20 18:12, 2020-03-10 18:22:37, 2020-03-10 11:12:06 PDT, 2020-03-10 11:22:37 PDT,631, Walk, , 
3/10/20 18:26, 2020-03-10 18:34:16, 2020-03-10 11:26:28 PDT, 2020-03-10 11:34:16 PDT,468, Home, , 
3/10/20 18:34, 2020-03-10 18:42:11, 2020-03-10 11:34:15 PDT, 2020-03-10 11:42:11 PDT,476, Commute to work, , 
3/10/20 18:35, 2020-03-10 18:38:25, 2020-03-10 11:35:30 PDT, 2020-03-10 11:38:25 PDT,175, Transport, , 
3/10/20 18:39, 2020-03-10 18:42:10, 2020-03-10 11:39:59 PDT, 2020-03-10 11:42:10 PDT,131, Walk, , 
3/10/20 18:42, 2020-03-10 20:29:26, 2020-03-10 11:42:11 PDT, 2020-03-10 13:29:26 PDT,6435, School, , 
3/10/20 20:29, 2020-03-10 21:04:26, 2020-03-10 13:29:25 PDT, 2020-03-10 14:04:26 PDT,2101, Commute to home, , 
3/10/20 20:29, 2020-03-10 20:33:13, 2020-03-10 13:29:26 PDT, 2020-03-10 13:33:13 PDT,227, Walk, , 
3/10/20 21:04, 2020-03-10 21:15:12, 2020-03-10 14:04:26 PDT, 2020-03-10 14:15:12 PDT,646, Home, , 
3/10/20 21:15, 2020-03-10 21:27:59, 2020-03-10 14:15:12 PDT, 2020-03-10 14:27:59 PDT,767, Transport, , 
3/10/20 22:12, 2020-03-10 22:18:03, 2020-03-10 15:12:14 PDT, 2020-03-10 15:18:03 PDT,349, Transport, , 
3/11/20 0:29, 2020-03-11 01:03:13, 2020-03-10 17:29:24 PDT, 2020-03-10 18:03:13 PDT,2029, Transport, , 
3/11/20 3:44, 2020-03-11 03:47:29, 2020-03-10 20:44:01 PDT, 2020-03-10 20:47:29 PDT,208, Transport, , 
3/11/20 3:47, 2020-03-11 16:34:19, 2020-03-10 20:47:29 PDT, 2020-03-11 09:34:19 PDT,46010, Home, , 
3/11/20 17:11, 2020-03-11 19:43:42, 2020-03-11 10:11:00 PDT, 2020-03-11 12:43:42 PDT,9162, Studying, SLODOCO, 
3/11/20 19:58, 2020-03-11 20:10:12, 2020-03-11 12:58:38 PDT, 2020-03-11 13:10:12 PDT,694, Walk, , 
3/11/20 20:48, 2020-03-11 20:51:14, 2020-03-11 13:48:09 PDT, 2020-03-11 13:51:14 PDT,185, Walk, , 
3/11/20 20:55, 2020-03-11 21:05:36, 2020-03-11 13:55:18 PDT, 2020-03-11 14:05:36 PDT,618, Walk, , 
3/11/20 21:05, 2020-03-11 21:10:42, 2020-03-11 14:05:37 PDT, 2020-03-11 14:10:42 PDT,305, Transport, , 
3/11/20 21:10, 2020-03-11 21:46:54, 2020-03-11 14:10:42 PDT, 2020-03-11 14:46:54 PDT,2172, Home, , 
3/11/20 21:46, 2020-03-11 22:03:49, 2020-03-11 14:46:54 PDT, 2020-03-11 15:03:49 PDT,1015, Transport, , 
3/11/20 22:03, 2020-03-11 22:07:38, 2020-03-11 15:03:49 PDT, 2020-03-11 15:07:38 PDT,229, Walk, , 
3/11/20 22:07, 2020-03-11 22:29:36, 2020-03-11 15:07:39 PDT, 2020-03-11 15:29:36 PDT,1317, Groceries, Trader Joe's, 
3/11/20 22:29, 2020-03-11 22:31:59, 2020-03-11 15:29:36 PDT, 2020-03-11 15:31:59 PDT,143, Walk, , 
3/11/20 22:32, 2020-03-11 22:52:20, 2020-03-11 15:32:00 PDT, 2020-03-11 15:52:20 PDT,1220, Transport, , 
3/11/20 23:26, 2020-03-12 03:05:22, 2020-03-11 16:26:14 PDT, 2020-03-11 20:05:22 PDT,13148, Home, , 
3/12/20 3:05, 2020-03-12 03:58:36, 2020-03-11 20:05:22 PDT, 2020-03-11 20:58:36 PDT,3194, Transport, , 
3/12/20 3:58, 2020-03-12 04:06:05, 2020-03-11 20:58:36 PDT, 2020-03-11 21:06:05 PDT,449, Walk, , 
3/12/20 4:08, 2020-03-12 15:25:50, 2020-03-11 21:08:30 PDT, 2020-03-12 08:25:50 PDT,40640, Home, , 
3/12/20 9:48, 2020-03-12 13:20:05, 2020-03-12 02:48:44 PDT, 2020-03-12 06:20:05 PDT,12681, Sleep, , 
3/12/20 19:01, 2020-03-12 21:11:54, 2020-03-12 12:01:54 PDT, 2020-03-12 14:11:54 PDT,7800, School, , 
3/12/20 21:11, 2020-03-12 21:14:03, 2020-03-12 14:11:54 PDT, 2020-03-12 14:14:03 PDT,129, Walk, , 
3/12/20 21:18, 2020-03-12 21:29:42, 2020-03-12 14:18:48 PDT, 2020-03-12 14:29:42 PDT,654, Walk, , 
3/12/20 21:39, 2020-03-12 21:54:53, 2020-03-12 14:39:15 PDT, 2020-03-12 14:54:53 PDT,938, Transport, , 
3/12/20 23:16, 2020-03-12 23:34:48, 2020-03-12 16:16:21 PDT, 2020-03-12 16:34:48 PDT,1107, Transport, , 
3/12/20 23:42, 2020-03-12 23:48:23, 2020-03-12 16:42:03 PDT, 2020-03-12 16:48:23 PDT,380, Walk, , 
3/13/20 0:01, 2020-03-13 02:28:09, 2020-03-12 17:01:29 PDT, 2020-03-12 19:28:09 PDT,8800, School, , 
3/13/20 2:28, 2020-03-13 03:38:51, 2020-03-12 19:28:08 PDT, 2020-03-12 20:38:51 PDT,4243, Commute to home, , 
3/13/20 2:28, 2020-03-13 02:33:38, 2020-03-12 19:28:09 PDT, 2020-03-12 19:33:38 PDT,329, Walk, , 
3/13/20 2:33, 2020-03-13 02:45:58, 2020-03-12 19:33:39 PDT, 2020-03-12 19:45:58 PDT,739, Transport, , 
3/13/20 3:04, 2020-03-13 03:38:51, 2020-03-12 20:04:22 PDT, 2020-03-12 20:38:51 PDT,2069, Transport, , 
3/13/20 3:38, 2020-03-13 16:36:52, 2020-03-12 20:38:51 PDT, 2020-03-13 09:36:52 PDT,46681, Home, , 
3/13/20 9:49, 2020-03-13 14:30:00, 2020-03-13 02:49:26 PDT, 2020-03-13 07:30:00 PDT,16834, Sleep, , 
3/13/20 16:36, 2020-03-13 17:06:15, 2020-03-13 09:36:52 PDT, 2020-03-13 10:06:15 PDT,1763, Transport, , 
3/13/20 17:10, 2020-03-13 17:15:42, 2020-03-13 10:10:16 PDT, 2020-03-13 10:15:42 PDT,326, Walk, , 
3/13/20 17:42, 2020-03-13 17:53:14, 2020-03-13 10:42:36 PDT, 2020-03-13 10:53:14 PDT,638, Transport, , 
3/13/20 18:02, 2020-03-13 18:15:27, 2020-03-13 11:02:12 PDT, 2020-03-13 11:15:27 PDT,795, Home, , 
3/13/20 18:15, 2020-03-13 18:19:57, 2020-03-13 11:15:27 PDT, 2020-03-13 11:19:57 PDT,270, Walk, , 
3/13/20 18:19, 2020-03-13 18:28:08, 2020-03-13 11:19:58 PDT, 2020-03-13 11:28:08 PDT,490, Transport, , 
3/13/20 18:43, 2020-03-13 18:50:37, 2020-03-13 11:43:14 PDT, 2020-03-13 11:50:37 PDT,443, Transport, , 
3/13/20 20:06, 2020-03-13 20:11:42, 2020-03-13 13:06:18 PDT, 2020-03-13 13:11:42 PDT,324, Transport, , 
3/13/20 20:46, 2020-03-13 22:54:11, 2020-03-13 13:46:44 PDT, 2020-03-13 15:54:11 PDT,7647, School, , 
3/13/20 22:54, 2020-03-13 23:04:12, 2020-03-13 15:54:10 PDT, 2020-03-13 16:04:12 PDT,602, Commute to home, , 
3/13/20 22:54, 2020-03-13 23:00:13, 2020-03-13 15:54:24 PDT, 2020-03-13 16:00:13 PDT,349, Walk, , 
3/13/20 23:04, 2020-03-14 02:59:31, 2020-03-13 16:04:12 PDT, 2020-03-13 19:59:31 PDT,14119, Home, , 
3/14/20 2:59, 2020-03-14 03:24:19, 2020-03-13 19:59:31 PDT, 2020-03-13 20:24:19 PDT,1488, Transport, , 
3/14/20 3:27, 2020-03-14 03:41:35, 2020-03-13 20:27:08 PDT, 2020-03-13 20:41:35 PDT,867, Walk, , 
3/14/20 3:41, 2020-03-14 04:40:51, 2020-03-13 20:41:36 PDT, 2020-03-13 21:40:51 PDT,3555, Dinner, Whole Foods Market, 
3/14/20 4:40, 2020-03-14 04:45:31, 2020-03-13 21:40:51 PDT, 2020-03-13 21:45:31 PDT,280, Transport, , 
3/14/20 4:45, 2020-03-14 16:25:19, 2020-03-13 21:45:31 PDT, 2020-03-14 09:25:19 PDT,41988, Home, , 
3/14/20 9:59, 2020-03-14 13:33:23, 2020-03-14 02:59:57 PDT, 2020-03-14 06:33:23 PDT,12806, Sleep, , 
3/14/20 16:29, 2020-03-14 16:33:23, 2020-03-14 09:29:46 PDT, 2020-03-14 09:33:23 PDT,217, Walk, , 
3/14/20 16:33, 2020-03-14 17:15:31, 2020-03-14 09:33:24 PDT, 2020-03-14 10:15:31 PDT,2527, Studying, SLODOCO, 
3/14/20 17:15, 2020-03-14 17:18:56, 2020-03-14 10:15:31 PDT, 2020-03-14 10:18:56 PDT,205, Transport, , 
3/14/20 18:38, 2020-03-14 18:44:00, 2020-03-14 11:38:31 PDT, 2020-03-14 11:44:00 PDT,329, Transport, , 
3/14/20 18:44, 2020-03-14 19:32:58, 2020-03-14 11:44:00 PDT, 2020-03-14 12:32:58 PDT,2938, Home, , 
3/14/20 19:32, 2020-03-14 19:35:14, 2020-03-14 12:32:58 PDT, 2020-03-14 12:35:14 PDT,136, Transport, , 
3/14/20 20:30, 2020-03-14 20:35:36, 2020-03-14 13:30:18 PDT, 2020-03-14 13:35:36 PDT,318, Transport, , 
3/14/20 21:04, 2020-03-14 21:11:29, 2020-03-14 14:04:41 PDT, 2020-03-14 14:11:29 PDT,408, Transport, , 
3/14/20 21:11, 2020-03-14 21:34:31, 2020-03-14 14:11:29 PDT, 2020-03-14 14:34:31 PDT,1382, Home, , 
3/14/20 21:34, 2020-03-14 21:41:03, 2020-03-14 14:34:31 PDT, 2020-03-14 14:41:03 PDT,392, Transport, , 
3/14/20 22:14, 2020-03-14 22:17:12, 2020-03-14 15:14:48 PDT, 2020-03-14 15:17:12 PDT,144, Transport, , 
3/14/20 22:17, 2020-03-14 22:44:18, 2020-03-14 15:17:12 PDT, 2020-03-14 15:44:18 PDT,1626, Groceries, Target, 
3/14/20 22:44, 2020-03-15 00:44:52, 2020-03-14 15:44:18 PDT, 2020-03-14 17:44:52 PDT,7234, Dinner, Whole Foods Market, 
3/15/20 0:44, 2020-03-15 00:53:58, 2020-03-14 17:44:52 PDT, 2020-03-14 17:53:58 PDT,546, Transport, , 
3/15/20 0:53, 2020-03-15 02:57:32, 2020-03-14 17:53:58 PDT, 2020-03-14 19:57:32 PDT,7414, Home, , 
3/15/20 2:57, 2020-03-15 03:13:33, 2020-03-14 19:57:32 PDT, 2020-03-14 20:13:33 PDT,961, Groceries, , 
3/15/20 3:13, 2020-03-15 03:21:45, 2020-03-14 20:13:33 PDT, 2020-03-14 20:21:45 PDT,492, Transport, , 
3/15/20 3:52, 2020-03-15 04:00:13, 2020-03-14 20:52:54 PDT, 2020-03-14 21:00:13 PDT,439, Transport, , 
3/15/20 4:00, 2020-03-15 04:48:08, 2020-03-14 21:00:13 PDT, 2020-03-14 21:48:08 PDT,2875, Groceries, Ferrini, 
3/15/20 4:48, 2020-03-15 04:50:49, 2020-03-14 21:48:09 PDT, 2020-03-14 21:50:49 PDT,160, Transport, , 
3/15/20 4:50, 2020-03-15 08:16:41, 2020-03-14 21:50:49 PDT, 2020-03-15 01:16:41 PDT,12352, Studying, Robert E. Kennedy Library- 24/7 Study Room, 
3/15/20 8:16, 2020-03-15 08:19:20, 2020-03-15 01:16:41 PDT, 2020-03-15 01:19:20 PDT,159, Transport, , 
3/15/20 8:19, 2020-03-15 18:36:29, 2020-03-15 01:19:20 PDT, 2020-03-15 11:36:29 PDT,37029, Home, , 
3/15/20 9:46, 2020-03-15 14:38:36, 2020-03-15 02:46:16 PDT, 2020-03-15 07:38:36 PDT,17540, Sleep, , 
3/15/20 18:36, 2020-03-15 18:46:37, 2020-03-15 11:36:29 PDT, 2020-03-15 11:46:37 PDT,608, Transport, , 
3/15/20 19:16, 2020-03-15 19:24:00, 2020-03-15 12:16:21 PDT, 2020-03-15 12:24:00 PDT,459, Transport, , 
3/15/20 19:55, 2020-03-15 20:37:18, 2020-03-15 12:55:30 PDT, 2020-03-15 13:37:18 PDT,2508, Transport, , 
3/15/20 21:27, 2020-03-15 21:48:48, 2020-03-15 14:27:04 PDT, 2020-03-15 14:48:48 PDT,1304, Transport, , 
3/15/20 21:48, 2020-03-16 05:08:04, 2020-03-15 14:48:48 PDT, 2020-03-15 22:08:04 PDT,26356, Home, , 
3/16/20 5:08, 2020-03-16 05:18:22, 2020-03-15 22:08:04 PDT, 2020-03-15 22:18:22 PDT,618, Transport, , 
3/16/20 5:18, 2020-03-16 05:37:28, 2020-03-15 22:18:22 PDT, 2020-03-15 22:37:28 PDT,1146, Groceries, Target, 
3/16/20 5:37, 2020-03-16 05:45:36, 2020-03-15 22:37:28 PDT, 2020-03-15 22:45:36 PDT,488, Transport, , 
3/16/20 5:45, 2020-03-16 22:04:38, 2020-03-15 22:45:36 PDT, 2020-03-16 15:04:38 PDT,58742, Home, , 
3/16/20 7:57, 2020-03-16 14:40:16, 2020-03-16 00:57:43 PDT, 2020-03-16 07:40:16 PDT,24153, Sleep, , 
3/16/20 22:04, 2020-03-16 22:09:18, 2020-03-16 15:04:38 PDT, 2020-03-16 15:09:18 PDT,280, Transport, , 
3/16/20 23:17, 2020-03-16 23:25:34, 2020-03-16 16:17:47 PDT, 2020-03-16 16:25:34 PDT,467, Transport, , 
3/16/20 23:25, 2020-03-16 23:43:55, 2020-03-16 16:25:34 PDT, 2020-03-16 16:43:55 PDT,1101, Groceries, Trader Joe's, 
3/16/20 23:43, 2020-03-16 23:56:24, 2020-03-16 16:43:55 PDT, 2020-03-16 16:56:24 PDT,749, Transport, , 
3/16/20 23:56, 2020-03-17 04:26:16, 2020-03-16 16:56:24 PDT, 2020-03-16 21:26:16 PDT,16192, Home, , 
3/17/20 4:26, 2020-03-17 04:37:41, 2020-03-16 21:26:16 PDT, 2020-03-16 21:37:41 PDT,685, Transport, , 
3/17/20 4:38, 2020-03-17 04:47:30, 2020-03-16 21:38:25 PDT, 2020-03-16 21:47:30 PDT,545, Dinner, Whole Foods Market, 
3/17/20 4:48, 2020-03-17 04:57:32, 2020-03-16 21:48:30 PDT, 2020-03-16 21:57:32 PDT,542, Transport, , 
3/17/20 4:57, 2020-03-17 21:06:48, 2020-03-16 21:57:32 PDT, 2020-03-17 14:06:48 PDT,58156, Home, , 
3/17/20 9:11, 2020-03-17 14:00:14, 2020-03-17 02:11:53 PDT, 2020-03-17 07:00:14 PDT,17301, Sleep, , 
3/17/20 21:06, 2020-03-17 21:16:18, 2020-03-17 14:06:48 PDT, 2020-03-17 14:16:18 PDT,570, Transport, , 
3/17/20 21:24, 2020-03-17 21:39:40, 2020-03-17 14:24:41 PDT, 2020-03-17 14:39:40 PDT,899, Transport, , 
3/17/20 22:00, 2020-03-17 22:14:40, 2020-03-17 15:00:42 PDT, 2020-03-17 15:14:40 PDT,838, Transport, , 
3/17/20 22:14, 2020-03-18 00:30:25, 2020-03-17 15:14:40 PDT, 2020-03-17 17:30:25 PDT,8145, Home, , 